Ã¯Â»Â¿Pregunta,Correcta,Incorrecta1,Incorrecta2,Incorrecta3
Ã‚Â¿QuÃƒÂ© estudia la anatomÃƒÂ­a topogrÃƒÂ¡fica?,Las estructuras del cuerpo en relaciÃƒÂ³n con su situaciÃƒÂ³n en regiones y cavidades,Las funciones fisiolÃƒÂ³gicas de los ÃƒÂ³rganos,Los procesos bioquÃƒÂ­micos celulares,La genÃƒÂ©tica de los tejidos
Ã‚Â¿QuÃƒÂ© describe la holotopÃƒÂ­a?,La posiciÃƒÂ³n de un ÃƒÂ³rgano en el cuerpo,La forma externa del cuerpo,La relaciÃƒÂ³n de un ÃƒÂ³rgano con otros ÃƒÂ³rganos,La distribuciÃƒÂ³n nerviosa de un ÃƒÂ³rgano
Ã‚Â¿QuÃƒÂ© relaciÃƒÂ³n define la esqueletotopÃƒÂ­a?,La posiciÃƒÂ³n de un ÃƒÂ³rgano respecto al esqueleto,La posiciÃƒÂ³n de un ÃƒÂ³rgano respecto a mÃƒÂºsculos,La posiciÃƒÂ³n del esqueleto respecto al crÃƒÂ¡neo,La forma visible de los huesos
Ã‚Â¿QuÃƒÂ© es la sintopÃƒÂ­a?,PosiciÃƒÂ³n de un ÃƒÂ³rgano respecto a ÃƒÂ³rganos vecinos no pertenecientes al esqueleto,PosiciÃƒÂ³n de ÃƒÂ³rganos en cavidades torÃƒÂ¡cicas,LocalizaciÃƒÂ³n de nervios perifÃƒÂ©ricos,Estudio de la irrigaciÃƒÂ³n sanguÃƒÂ­nea
Ã‚Â¿QuÃƒÂ© estudia la idiotopÃƒÂ­a?,La posiciÃƒÂ³n de las diferentes partes de un mismo ÃƒÂ³rgano,La funciÃƒÂ³n hormonal de un ÃƒÂ³rgano,La estructura histolÃƒÂ³gica interna,La distribuciÃƒÂ³n linfÃƒÂ¡tica
Ã‚Â¿QuÃƒÂ© es la anatomÃƒÂ­a aplicada?,"Rama de la anatomÃƒÂ­a con proyecciÃƒÂ³n clÃƒÂ­nica (diagnÃƒÂ³stico, cirugÃƒÂ­a, terapÃƒÂ©utica)",AnatomÃƒÂ­a orientada a la zoologÃƒÂ­a,Estudio de tejidos para microscopÃƒÂ­a,Rama dedicada al desarrollo embriolÃƒÂ³gico
Ã‚Â¿QuÃƒÂ© estudia la anatomÃƒÂ­a de superficie?,Forma y caracterÃƒÂ­sticas del cuerpo visibles o palpables,Relaciones entre vÃƒÂ­sceras internas,ComposiciÃƒÂ³n quÃƒÂ­mica del tejido muscular,DinÃƒÂ¡mica articular durante el movimiento
Ã‚Â¿QuÃƒÂ© NO se considera base de la anatomÃƒÂ­a de superficie?,Estructuras vasculares profundas,Puntos ÃƒÂ³seos visibles y palpables,Surcos musculares,Bolsas mucosas cutÃƒÂ¡neas
Ã‚Â¿QuÃƒÂ© estudia la estratigrafÃƒÂ­a en anatomÃƒÂ­a?,Las capas del cuerpo desde la superficie a profundidad,El origen embriolÃƒÂ³gico de los ÃƒÂ³rganos,La densidad ÃƒÂ³sea,Las articulaciones sinoviales
Â¿A travÃ©s de quÃ© plano se delimita la cabeza del tronco?,Plano transversal,Plano sagital,Plano horizontal,Plano frontal
Â¿En quÃ© dos partes se divide la cabeza?,CrÃ¡neo y rostro,Rostro y cuello,CrÃ¡neo y mandÃ­bula,CrÃ¡neo y tÃ³rax
Â¿CuÃ¡l es el plano mÃ¡s externo de la cara?,CutÃ¡neo,SubcutÃ¡neo,Fascia profunda,Muscular interno
Â¿CuÃ¡l es el segundo plano anatÃ³mico general de la cara?,SubcutÃ¡neo,CutÃ¡neo,Fascia profunda,Muscular estriado
Â¿CuÃ¡l es la fascia asociada al mÃºsculo cutÃ¡neo de la cara?,Fascia superficial del mÃºsculo cutÃ¡neo,Fascia profunda del temporal,Fascia del masetero,Fascia epicraneal
Ã‚Â¿CuÃƒÂ¡l es el lÃƒÂ­mite lateral de la regiÃƒÂ³n nasal?,Una lÃƒÂ­nea desde el ÃƒÂ¡ngulo medial del ojo hasta la comisura dorsolateral del orificio nasal,Una lÃƒÂ­nea desde el ÃƒÂ¡ngulo caudal del ojo al oÃƒÂ­do,Una lÃƒÂ­nea desde la mandÃƒÂ­bula a la base del crÃƒÂ¡neo,Una lÃƒÂ­nea desde la base del crÃƒÂ¡neo al orificio auditivo externo
Ã‚Â¿QuÃƒÂ© estructura limita caudalmente al dorso de la nariz?,La regiÃƒÂ³n frontal,La regiÃƒÂ³n mandibular,La regiÃƒÂ³n bucal,La regiÃƒÂ³n parietal
Ã‚Â¿QuÃƒÂ© regiÃƒÂ³n limita posteriormente a la regiÃƒÂ³n nasal lateral?,RegiÃƒÂ³n infraorbitaria,RegiÃƒÂ³n parotÃƒÂ­dea,RegiÃƒÂ³n craneal,RegiÃƒÂ³n farÃƒÂ­ngea
Ã‚Â¿CuÃƒÂ¡l de los siguientes planos anatÃƒÂ³micos de la nariz es mÃƒÂ¡s superficial?,CutÃƒÂ¡neo,Mucosa nasal,ArmazÃƒÂ³n cartilaginoso,Musculatura nasal
Ã‚Â¿QuÃƒÂ© funciÃƒÂ³n tienen los mÃƒÂºsculos nasales?,Regular la abertura del orificio nasal,Cerrar la glotis,Regular el movimiento del paladar,Aumentar el flujo sanguÃƒÂ­neo nasal
Ã‚Â¿QuÃƒÂ© estructura interna forma el armazÃƒÂ³n nasal?,CartÃƒÂ­lago hialino,CartÃƒÂ­lago elÃƒÂ¡stico,Hueso esponjoso,Ligamento fibroso
Ã‚Â¿QuÃƒÂ© tipo de mucosa se encuentra en la regiÃƒÂ³n nasal?,Mucosa nasal y olfatoria,Mucosa gÃƒÂ¡strica,Mucosa bronquial,Mucosa conjuntival
Ã‚Â¿QuÃƒÂ© procedimiento se usa comÃƒÂºnmente para observar la regiÃƒÂ³n nasal internamente?,EndoscopÃƒÂ­a,RadiografÃƒÂ­a torÃƒÂ¡cica,TomografÃƒÂ­a craneal,Ultrasonido hepÃƒÂ¡tico
Ã‚Â¿QuÃƒÂ© aplicaciÃƒÂ³n clÃƒÂ­nica permite administrar oxÃƒÂ­geno por la nariz?,Uso de puntas nasales o inhaladores,IntubaciÃƒÂ³n endotraqueal,Sonda orogÃƒÂ¡strica,Sonda intravenosa
Ã‚Â¿QuÃƒÂ© intervenciÃƒÂ³n quirÃƒÂºrgica se realiza en caso de estenosis nasal?,Biopsia o correcciÃƒÂ³n quirÃƒÂºrgica,HemilaminectomÃƒÂ­a,Artroscopia nasal,TonsilectomÃƒÂ­a
Ã‚Â¿CuÃƒÂ¡l es un procedimiento clÃƒÂ­nico comÃƒÂºn en la regiÃƒÂ³n nasal?,Sondeo nasogÃƒÂ¡strico,Biopsia hepÃƒÂ¡tica,Toracocentesis,Lavado articular
Ã‚Â¿QuÃƒÂ© tipo de plano anatÃƒÂ³mico nasal permite el paso de fÃƒÂ¡rmacos intranasales?,Mucosa nasal,Plano muscular profundo,CartÃƒÂ­lago alar,Epitelio bucal
Ã‚Â¿QuÃƒÂ© tipo de muestra puede obtenerse de la regiÃƒÂ³n nasal?,CitologÃƒÂ­a,Electroencefalograma,Electromiograma,Endoscopia intestinal
Ã‚Â¿QuÃƒÂ© aparato permite explorar visualmente las fosas nasales?,Endoscopio,Otoscopio,Laringoscopio,Dermatoscopio
Ã‚Â¿QuÃƒÂ© plano nasal es responsable de la percepciÃƒÂ³n del olfato?,Mucosa olfatoria,CartÃƒÂ­lago nasal,Epitelio cutÃƒÂ¡neo,Musculatura externa
Ã‚Â¿CuÃƒÂ¡l es un uso clÃƒÂ­nico de la regiÃƒÂ³n nasal en perros?,AplicaciÃƒÂ³n de vacunas intranasales,ExtracciÃƒÂ³n de dientes,Cateterismo uretral,EcografÃƒÂ­a abdominal
Ã‚Â¿QuÃƒÂ© procedimiento permite ventilar a un perro con dificultad respiratoria usando la nariz?,OxÃƒÂ­geno por puntas nasales,OxÃƒÂ­geno rectal,NebulizaciÃƒÂ³n gÃƒÂ¡strica,CompresiÃƒÂ³n torÃƒÂ¡cica
Ã‚Â¿QuÃƒÂ© funciÃƒÂ³n NO cumple la mucosa nasal?,DigestiÃƒÂ³n de proteÃƒÂ­nas,FiltraciÃƒÂ³n del aire,HidrataciÃƒÂ³n del aire inhalado,PercepciÃƒÂ³n de olores
Ã‚Â¿QuÃƒÂ© estructura nasal es ÃƒÂºtil para insertar una sonda de alimentaciÃƒÂ³n?,Fosa nasal,Cornete nasal inferior,Epiglotis,Laringe
Ã‚Â¿QuÃƒÂ© especialidad mÃƒÂ©dica realiza frecuentemente trepanaciÃƒÂ³n de fosas nasales?,CirugÃƒÂ­a,NeurologÃƒÂ­a,OftalmologÃƒÂ­a,CardiologÃƒÂ­a
Ã‚Â¿QuÃƒÂ© regiÃƒÂ³n incluye la regiÃƒÂ³n de la boca y el mentÃƒÂ³n?,"Labio superior, labio inferior y mentÃƒÂ³n","Nariz, mentÃƒÂ³n y cuello","Mejillas, orejas y mentÃƒÂ³n","Paladar, lengua y mandÃƒÂ­bula"
Ã‚Â¿QuÃƒÂ© tipo de epitelio se encuentra en el plano cutÃƒÂ¡neo de la boca?,Epitelio estratificado plano queratinizado,Epitelio columnar simple,Epitelio cilÃƒÂ­ndrico pseudoestratificado,Epitelio cÃƒÂºbico simple
Ã‚Â¿CuÃƒÂ¡l es el mÃƒÂºsculo principal en el plano anatÃƒÂ³mico de los labios?,MÃƒÂºsculo orbicular de los labios,MÃƒÂºsculo masetero,MÃƒÂºsculo buccinador,MÃƒÂºsculo temporal
Ã‚Â¿QuÃƒÂ© tipo de glÃƒÂ¡ndulas se encuentran en los labios?,GlÃƒÂ¡ndulas labiales con acinis mucosos,GlÃƒÂ¡ndulas sudorÃƒÂ­paras,GlÃƒÂ¡ndulas lagrimales,GlÃƒÂ¡ndulas sebÃƒÂ¡ceas
Ã‚Â¿QuÃƒÂ© plano anatÃƒÂ³mico incluye tejido epitelial de revestimiento no queratinizado?,TÃƒÂºnica mucosa oral,Plano cutÃƒÂ¡neo,Plano muscular,Plano cartilaginoso
Ã‚Â¿QuÃƒÂ© estructura estÃƒÂ¡ relacionada con la sincondrosis mandibular?,UniÃƒÂ³n entre ambas mitades de la mandÃƒÂ­bula,ArticulaciÃƒÂ³n temporomandibular,CartÃƒÂ­lago nasal,Sutura coronal
Ã‚Â¿DÃƒÂ³nde se encuentran las glÃƒÂ¡ndulas nasales laterales?,En la regiÃƒÂ³n de la boca y el mentÃƒÂ³n,En la lengua,En las amÃƒÂ­gdalas,En el oÃƒÂ­do medio
Ã‚Â¿QuÃƒÂ© estructura permite el paso de nervios en el mentÃƒÂ³n?,Foramenes mentoneanos,Canales semicirculares,Conductos lagrimales,Cavidades timpÃƒÂ¡nicas
Ã‚Â¿QuÃƒÂ© glÃƒÂ¡ndulas se sitÃƒÂºan alrededor de la boca?,GlÃƒÂ¡ndulas circummorales,GlÃƒÂ¡ndulas paratiroideas,GlÃƒÂ¡ndulas sublinguales,GlÃƒÂ¡ndulas sudorÃƒÂ­paras
Ã‚Â¿QuÃƒÂ© tipo de tejido epitelial reviste la mucosa oral?,Epitelio estratificado plano,Epitelio simple escamoso,Epitelio columnar ciliado,Epitelio cÃƒÂºbico estratificado
Ã‚Â¿QuÃƒÂ© estructuras forman el paladar duro?,"Palatino, maxilar e incisivo","Palatino, mandibular y parietal","Incisivo, nasal y frontal","Maxilar, esfenoides y temporal"
Ã‚Â¿DÃƒÂ³nde se localiza el paladar duro principalmente?,En los 2/3 rostrales de la cavidad bucal,En toda la cavidad bucal,En el tercio caudal,En el piso de la cavidad oral
Ã‚Â¿QuÃƒÂ© estructuras componen el paladar blando?,Palatino y mÃƒÂºsculo membranoso,MÃƒÂºsculo masetero y glÃƒÂ¡ndulas salivales,Maxilar y mÃƒÂºsculo geniohioideo,Lengua y epiglotis
Ã‚Â¿QuÃƒÂ© parte de la cavidad ocupa el paladar blando?,La ÃƒÂºltima tercera parte,La mitad anterior,Toda la cavidad,Los 2/3 anteriores
Ã‚Â¿QuÃƒÂ© estructura es el surco del plano medio del paladar?,RafÃƒÂ© del paladar,Crestas palatinas,Papila incisiva,Rima oris
Ã‚Â¿QuÃƒÂ© funciÃƒÂ³n tienen las crestas palatinas?,Ayudan a detener la velocidad del alimento,Absorben nutrientes,Detectan feromonas,Lubrican el bolo alimenticio
Ã‚Â¿QuÃƒÂ© detecta la papila incisiva?,Feromonas,Sabor salado,Temperatura,PresiÃƒÂ³n
Ã‚Â¿QuÃƒÂ© enfermedad puede evaluarse desde la cavidad bucal?,Periodontitis,Dermatitis,MiopatÃƒÂ­a,Conjuntivitis
Ã‚Â¿QuÃƒÂ© tÃƒÂ©cnica se puede realizar para evaluar neoplasias orales?,Biopsia,Endoscopia intestinal,RadiografÃƒÂ­a abdominal,Ecocardiograma
Ã‚Â¿QuÃƒÂ© se puede aplicar para detectar infecciones orales?,Isopado,AuscultaciÃƒÂ³n,Electrocardiograma,CitologÃƒÂ­a ÃƒÂ³sea
Ã‚Â¿QuÃƒÂ© mÃƒÂ©todo se usa para el cultivo bacteriano en cavidad oral?,Toma de muestra,Lavado gÃƒÂ¡strico,ExtracciÃƒÂ³n dental,Toracocentesis
Ã‚Â¿QuÃƒÂ© puede medirse en el labio superior segÃƒÂºn la imagen?,Glucosa,Colesterol,Cortisol,Hemoglobina
Ã‚Â¿QuÃƒÂ© tipo de aplicaciÃƒÂ³n se puede usar en mucosas orales?,AplicaciÃƒÂ³n de medicamentos,InyecciÃƒÂ³n intramuscular,InfusiÃƒÂ³n venosa,NebulizaciÃƒÂ³n nasal
Ã‚Â¿QuÃƒÂ© estructura forma el lÃƒÂ­mite anterior del paladar duro?,Hueso incisivo,Hueso nasal,Lengua,Epiglotis
Ã‚Â¿QuÃƒÂ© se encuentra en el tercio posterior de la cavidad oral?,Paladar blando,GlÃƒÂ¡ndula parÃƒÂ³tida,Papilas gustativas,Paladar duro
Ã‚Â¿QuÃƒÂ© examen se puede hacer para determinar edad dental?,Examen de cavidad oral,Electromiograma,TomografÃƒÂ­a cerebral,EcografÃƒÂ­a abdominal
Ã‚Â¿QuÃƒÂ© parte del paladar ayuda en el procesamiento mecÃƒÂ¡nico del alimento?,Crestas palatinas,Papilas fungiformes,ÃƒÅ¡vula,Lengua
Ã‚Â¿QuÃƒÂ© estructura oral permite detectar seÃƒÂ±ales quÃƒÂ­micas externas?,Papila incisiva,Mucosa labial,Cresta dental,Papila lingual
Ã‚Â¿QuÃƒÂ© mÃƒÂºsculo forma parte del paladar blando?,MÃƒÂºsculo membranoso del paladar,MÃƒÂºsculo temporal,MÃƒÂºsculo buccinador,MÃƒÂºsculo geniohioideo
Ã‚Â¿CuÃƒÂ¡l NO es una aplicaciÃƒÂ³n clÃƒÂ­nica directa del examen oral?,EvaluaciÃƒÂ³n cardiaca,Profilaxis dental,DetecciÃƒÂ³n de infecciones,Cultivo bacteriano
Ã‚Â¿QuÃƒÂ© ÃƒÂ¡rea comprende la regiÃƒÂ³n masetÃƒÂ©rica?,ÃƒÂrea del mÃƒÂºsculo masetero,ÃƒÂrea del mÃƒÂºsculo temporal,ÃƒÂrea del mÃƒÂºsculo digÃƒÂ¡strico,ÃƒÂrea del mÃƒÂºsculo milohioideo
Ã‚Â¿CuÃƒÂ¡l es el lÃƒÂ­mite dorsal de la regiÃƒÂ³n masetÃƒÂ©rica?,Arco cigomÃƒÂ¡tico,MandÃƒÂ­bula,Paladar blando,Hueso nasal
Ã‚Â¿QuÃƒÂ© estructura marca el lÃƒÂ­mite rostral de la regiÃƒÂ³n masetÃƒÂ©rica?,Borde rostral del mÃƒÂºsculo masetero,Borde caudal del mÃƒÂºsculo masetero,MandÃƒÂ­bula,RegiÃƒÂ³n sublingual
Ã‚Â¿QuÃƒÂ© zona marca el lÃƒÂ­mite caudal de la regiÃƒÂ³n masetÃƒÂ©rica?,Zona de transiciÃƒÂ³n entre cabeza y cuello,RegiÃƒÂ³n nasal,Base del crÃƒÂ¡neo,Lengua y paladar
Ã‚Â¿QuÃƒÂ© estructura forma el lÃƒÂ­mite ventral de la regiÃƒÂ³n masetÃƒÂ©rica?,Borde ventral de la mandÃƒÂ­bula,Base del paladar,Borde dorsal de la lengua,Hueso temporal
Ã‚Â¿CuÃƒÂ¡l es el plano mÃƒÂ¡s superficial de la regiÃƒÂ³n masetÃƒÂ©rica?,CutÃƒÂ¡neo,Muscular profundo,Arterial,Cartilaginoso
Ã‚Â¿QuÃƒÂ© mÃƒÂºsculo se encuentra superficial al masetero?,MÃƒÂºsculo cutÃƒÂ¡neo superficial,MÃƒÂºsculo buccinador,MÃƒÂºsculo orbicular de los labios,MÃƒÂºsculo temporal
Ã‚Â¿QuÃƒÂ© estructuras acompaÃƒÂ±an al ducto parotÃƒÂ­deo en esta regiÃƒÂ³n?,Arteria y vena facial,Arteria lingual y vena yugular,Nervio trigÃƒÂ©mino y arteria nasal,Vena sublingual y arteria carotÃƒÂ­dea
Ã‚Â¿QuÃƒÂ© glÃƒÂ¡ndula se relaciona con el ducto parotÃƒÂ­deo?,GlÃƒÂ¡ndula parÃƒÂ³tida,GlÃƒÂ¡ndula mandibular,GlÃƒÂ¡ndula sublingual,GlÃƒÂ¡ndula lagrimal
Ã‚Â¿QuÃƒÂ© huesos estÃƒÂ¡n implicados en la regiÃƒÂ³n masetÃƒÂ©rica?,"MandÃƒÂ­bula, maxilar y hueso cigomÃƒÂ¡tico","Esfenoides, nasal y lagrimal","Temporal, parietal y frontal","Hioides, occipital y nasal"
Ã‚Â¿QuÃƒÂ© aplicaciÃƒÂ³n clÃƒÂ­nica estÃƒÂ¡ asociada con parÃƒÂ¡lisis facial en esta regiÃƒÂ³n?,Fisioterapia y rehabilitaciÃƒÂ³n,Radioterapia directa,Electroshock,CirugÃƒÂ­a ocular
Ã‚Â¿QuÃƒÂ© procedimiento se puede aplicar por afecciÃƒÂ³n del ducto parotÃƒÂ­deo?,TransposiciÃƒÂ³n del conducto,CauterizaciÃƒÂ³n nasal,IncisiÃƒÂ³n del paladar,Ligadura del mÃƒÂºsculo masetero
Ã‚Â¿QuÃƒÂ© condiciÃƒÂ³n puede afectar al ducto parotÃƒÂ­deo?,Piedras de esa,Abscesos renales,Ulceraciones de lengua,ObstrucciÃƒÂ³n traqueal
Ã‚Â¿QuÃƒÂ© procedimiento permite observar parÃƒÂ¡sitos en la regiÃƒÂ³n masetÃƒÂ©rica?,InspecciÃƒÂ³n visual,AuscultaciÃƒÂ³n torÃƒÂ¡cica,Endoscopia nasal,EcografÃƒÂ­a abdominal
Ã‚Â¿QuÃƒÂ© funciÃƒÂ³n tiene el mÃƒÂºsculo masetero?,Cierre de la mandÃƒÂ­bula,ElevaciÃƒÂ³n de la lengua,RotaciÃƒÂ³n del cuello,Apertura de las narinas
Ã‚Â¿QuÃƒÂ© arteria irriga parte de la regiÃƒÂ³n masetÃƒÂ©rica?,Arteria facial,Arteria renal,Arteria lingual,Arteria bronquial
Ã‚Â¿QuÃƒÂ© nervio puede estar relacionado con la parÃƒÂ¡lisis facial en esta regiÃƒÂ³n?,Nervio facial,Nervio ÃƒÂ³ptico,Nervio vago,Nervio olfatorio
Ã‚Â¿QuÃƒÂ© plano incluye el mÃƒÂºsculo masetero directamente?,Plano muscular profundo,Plano mucoso,Plano cutÃƒÂ¡neo,Plano linfÃƒÂ¡tico
Ã‚Â¿QuÃƒÂ© procedimiento ayuda a restaurar movilidad en la parÃƒÂ¡lisis facial?,RehabilitaciÃƒÂ³n,Implante dental,ExtracciÃƒÂ³n del masetero,InyecciÃƒÂ³n articular
Ã‚Â¿QuÃƒÂ© hueso forma el arco cigomÃƒÂ¡tico?,Hueso cigomÃƒÂ¡tico,Hueso nasal,Hueso hioides,Hueso frontal
Ã‚Â¿QuÃƒÂ© contiene la regiÃƒÂ³n orbitaria?,El globo ocular,La cavidad nasal,El oÃƒÂ­do medio,Las amÃƒÂ­gdalas
Ã‚Â¿CuÃƒÂ¡l es el lÃƒÂ­mite dorsal de la regiÃƒÂ³n orbitaria?,Margen supraorbitario,Margen infraorbitario,Margen nasal,Margen palatino
Ã‚Â¿QuÃƒÂ© estructura define el lÃƒÂ­mite ventral de la regiÃƒÂ³n orbitaria?,Margen infraorbitario,Margen cigomÃƒÂ¡tico,Margen nasal,Margen bucal
Ã‚Â¿QuÃƒÂ© estructura limita anteriormente (cranial) la regiÃƒÂ³n orbitaria?,Borde rostral de la ÃƒÂ³rbita,Arco cigomÃƒÂ¡tico,Borde caudal de la ÃƒÂ³rbita,Ligamento infraorbitario
"Ã‚Â¿QuÃƒÂ© forma parte del lÃƒÂ­mite caudal de la ÃƒÂ³rbita en perros, gatos y cerdos?",Ligamento orbitario y proceso cigomÃƒÂ¡tico del frontal,Epitelio ocular y lÃƒÂ¡grima basal,Tejido subcutÃƒÂ¡neo y mÃƒÂºsculo ciliar,Papila ÃƒÂ³ptica y glÃƒÂ¡ndula parÃƒÂ³tida
Ã‚Â¿QuÃƒÂ© examen puede incluir el reflejo pupilar?,Examen general del ojo,Examen de oÃƒÂ­do medio,Examen dental,PalpaciÃƒÂ³n abdominal
Ã‚Â¿QuÃƒÂ© afecciones estÃƒÂ¡n relacionadas con mal posiciÃƒÂ³n del pÃƒÂ¡rpado?,EntropiÃƒÂ³n y ectropiÃƒÂ³n,Glaucoma y cataratas,Queratitis y miopÃƒÂ­a,HipermetropÃƒÂ­a y estrabismo
Ã‚Â¿QuÃƒÂ© se valora en la mucosa ocular durante el examen oftÃƒÂ¡lmico?,Su integridad,Su movilidad,Su capacidad olfativa,Su secreciÃƒÂ³n hormonal
Ã‚Â¿QuÃƒÂ© prueba se usa para detecciÃƒÂ³n rÃƒÂ¡pida de distemper?,Prueba de antÃƒÂ­geno-anticuerpo,Prueba de glucosa,Prueba de reflejo corneal,Prueba de visiÃƒÂ³n nocturna
Ã‚Â¿QuÃƒÂ© aplicaciÃƒÂ³n clÃƒÂ­nica puede realizarse en caso de conjuntivitis?,AdministraciÃƒÂ³n de medicamentos oftÃƒÂ¡lmicos,InyecciÃƒÂ³n subcutÃƒÂ¡nea,NebulizaciÃƒÂ³n oral,AplicaciÃƒÂ³n de ungÃƒÂ¼ento nasal
Ã‚Â¿QuÃƒÂ© puede producirse en casos de alteraciones lagrimales?,Falta o exceso de lÃƒÂ¡grimas,PÃƒÂ©rdida de visiÃƒÂ³n nocturna,Incremento de papilas gustativas,DisminuciÃƒÂ³n del parpadeo auditivo
Ã‚Â¿QuÃƒÂ© estructura se puede biopsiar en esta regiÃƒÂ³n?,Globo ocular,Lengua,CartÃƒÂ­lago auricular,GlÃƒÂ¡ndula salival
Ã‚Â¿QuÃƒÂ© tipo de anestesia se utiliza para cirugÃƒÂ­as de globo ocular?,Anestesia del globo oftÃƒÂ¡lmico,Anestesia epidural,Anestesia mandibular,Anestesia lumbar
Ã‚Â¿QuÃƒÂ© tipo de tratamientos pueden realizarse en la regiÃƒÂ³n orbitaria?,Tratamientos y cirugÃƒÂ­as oftÃƒÂ¡lmicas,Tratamientos dentales,CirugÃƒÂ­as de tiroides,Masajes torÃƒÂ¡cicos
Ã‚Â¿QuÃƒÂ© examen incluye la valoraciÃƒÂ³n de producciÃƒÂ³n de lÃƒÂ¡grimas?,Examen general del ojo,Examen farÃƒÂ­ngeo,Examen hepÃƒÂ¡tico,Examen muscular
Ã‚Â¿DÃƒÂ³nde se encuentra situada la articulaciÃƒÂ³n temporomandibular?,Caudoventralmente al lÃƒÂ­mite posterior de la regiÃƒÂ³n cigomÃƒÂ¡tica,Cranial al hueso nasal,Rostral al arco cigomÃƒÂ¡tico,Dorsal a la regiÃƒÂ³n mandibular
Ã‚Â¿QuÃƒÂ© regiÃƒÂ³n se encuentra dorsal a la articulaciÃƒÂ³n temporomandibular?,RegiÃƒÂ³n auricular,RegiÃƒÂ³n nasal,RegiÃƒÂ³n orbitaria,RegiÃƒÂ³n lingual
Ã‚Â¿QuÃƒÂ© estructura se encuentra ventral a la articulaciÃƒÂ³n temporomandibular?,RegiÃƒÂ³n masetÃƒÂ©rica,RegiÃƒÂ³n parotÃƒÂ­dea,RegiÃƒÂ³n nasal,RegiÃƒÂ³n orbitaria
Ã‚Â¿QuÃƒÂ© forma la articulaciÃƒÂ³n temporomandibular?,CÃƒÂ³ndilos de la mandÃƒÂ­bula con la superficie articular del temporal,CÃƒÂ³ndilos de la mandÃƒÂ­bula con el hueso nasal,Rama mandibular con la fosa pterigoidea,Cuerpo mandibular con el maxilar
Ã‚Â¿QuÃƒÂ© tipo de cÃƒÂ¡psula tiene la articulaciÃƒÂ³n temporomandibular?,Membranosa y fibrosa,Muscular y adiposa,Ãƒâ€œsea y fibrosa,LinfÃƒÂ¡tica y serosa
Ã‚Â¿QuÃƒÂ© cavidad se encuentra dentro de esta articulaciÃƒÂ³n?,Cavidad articular,Cavidad nasal,Cavidad pleural,Cavidad auditiva
Ã‚Â¿QuÃƒÂ© tipo de ligamentos contiene esta articulaciÃƒÂ³n?,Ligamentos extracapsulares,Ligamentos intramusculares,Ligamentos interÃƒÂ³seos,Ligamentos alveolares
Ã‚Â¿QuÃƒÂ© lÃƒÂ­quido lubrica esta articulaciÃƒÂ³n?,LÃƒÂ­quido sinovial,LÃƒÂ­quido cefalorraquÃƒÂ­deo,LÃƒÂ­quido intersticial,LÃƒÂ­quido linfÃƒÂ¡tico
Ã‚Â¿QuÃƒÂ© estructuras producen el lÃƒÂ­quido sinovial?,Vellosidades sinoviales,Papilas gustativas,GlÃƒÂ¡ndulas sudorÃƒÂ­paras,Crestas palatinas
Ã‚Â¿QuÃƒÂ© recubre la superficie articular en esta articulaciÃƒÂ³n?,CartÃƒÂ­lago articular,Tejido adiposo,MÃƒÂºsculo estriado,Epitelio plano simple
Ã‚Â¿CuÃƒÂ¡l es el lÃƒÂ­mite rostral de la regiÃƒÂ³n frontal y parietal?,Bordes supraorbitarios,LÃƒÂ­nea temporal,Cresta nucal,Base de la oreja
Ã‚Â¿QuÃƒÂ© estructura marca el lÃƒÂ­mite caudal de la regiÃƒÂ³n frontal y parietal?,Cresta nucal,Arco cigomÃƒÂ¡tico,Base de la oreja,LÃƒÂ­nea mandibular
Ã‚Â¿QuÃƒÂ© estructura forma el lÃƒÂ­mite ventral de la regiÃƒÂ³n frontal y parietal?,Arco cigomÃƒÂ¡tico,MÃƒÂºsculo temporal,MÃƒÂºsculo masetero,Cresta nasal
Ã‚Â¿QuÃƒÂ© aplicaciÃƒÂ³n clÃƒÂ­nica se realiza con base en la regiÃƒÂ³n frontal y parietal?,EvaluaciÃƒÂ³n de tipos de crÃƒÂ¡neo en perros,MediciÃƒÂ³n de la frecuencia cardÃƒÂ­aca,DiagnÃƒÂ³stico de sordera,ExploraciÃƒÂ³n del conducto nasal
Ã‚Â¿CuÃƒÂ¡l de los siguientes no es un tipo de crÃƒÂ¡neo canino mencionado?,DolicocÃƒÂ¡rdico,MesocÃƒÂ©falico,BraquicÃƒÂ©falico,DolicocÃƒÂ©falico
Ã‚Â¿CuÃƒÂ¡l es el lÃƒÂ­mite dorsal de la regiÃƒÂ³n temporal?,LÃƒÂ­nea temporal,Base de la oreja,Arco nasal,Cresta nucal
Ã‚Â¿QuÃƒÂ© forma el lÃƒÂ­mite ventral de la regiÃƒÂ³n temporal?,Arco cigomÃƒÂ¡tico,Cresta nasal,LÃƒÂ­nea mandibular,LÃƒÂ³bulo auricular
Ã‚Â¿QuÃƒÂ© forma el lÃƒÂ­mite rostral de la regiÃƒÂ³n temporal?,Arco cigomÃƒÂ¡tico,Base del crÃƒÂ¡neo,Hueso nasal,MÃƒÂºsculo platisma
Ã‚Â¿QuÃƒÂ© estructura delimita la regiÃƒÂ³n temporal caudalmente?,Base de la oreja,LÃƒÂ­nea nucal,RegiÃƒÂ³n mandibular,Orbita ocular
Ã‚Â¿QuÃƒÂ© plano anatÃƒÂ³mico incluye la fascia capital superficial?,RegiÃƒÂ³n temporal,RegiÃƒÂ³n nasal,RegiÃƒÂ³n orbitaria,RegiÃƒÂ³n mandibular
Ã‚Â¿QuÃƒÂ© mÃƒÂºsculo superficial estÃƒÂ¡ presente en la regiÃƒÂ³n temporal?,MÃƒÂºsculo platisma,MÃƒÂºsculo geniogloso,MÃƒÂºsculo digÃƒÂ¡strico,MÃƒÂºsculo milohioideo
Ã‚Â¿QuÃƒÂ© mÃƒÂºsculos estÃƒÂ¡n profundamente asociados a la regiÃƒÂ³n temporal?,MÃƒÂºsculos temporales,MÃƒÂºsculos maseteros,MÃƒÂºsculos auriculares,MÃƒÂºsculos cervicales
Ã‚Â¿QuÃƒÂ© estructuras vasculares y nerviosas se mencionan en esta regiÃƒÂ³n?,"Arteria, vena y nervio temporal superficial",Arteria lingual y nervio facial,Vena yugular y nervio vago,Arteria occipital y nervio hipogloso
Ã‚Â¿CuÃƒÂ¡l es una aplicaciÃƒÂ³n clÃƒÂ­nica de la regiÃƒÂ³n temporal?,ExploraciÃƒÂ³n ÃƒÂ³sea y evaluaciÃƒÂ³n de fracturas,EvaluaciÃƒÂ³n del paladar,DetecciÃƒÂ³n de caries,MediciÃƒÂ³n del reflejo nasal
Ã‚Â¿QuÃƒÂ© estructura se examina comÃƒÂºnmente en estudios zootÃƒÂ©cnicos del crÃƒÂ¡neo?,RegiÃƒÂ³n frontal y parietal,RegiÃƒÂ³n hioidea,RegiÃƒÂ³n mandibular,RegiÃƒÂ³n lingual
Ã‚Â¿QuÃƒÂ© estructura forma el lÃƒÂ­mite superior de la regiÃƒÂ³n auricular?,PabellÃƒÂ³n auricular,Conducto auditivo externo,LÃƒÂ³bulo auricular,MÃƒÂºsculo temporal
Ã‚Â¿CuÃƒÂ¡l es el lÃƒÂ­mite inferior de la regiÃƒÂ³n auricular?,Base de la oreja,Arco cigomÃƒÂ¡tico,Cresta nasal,Rama mandibular
Ã‚Â¿QuÃƒÂ© estructuras vasculonerviosas se asocian con esta regiÃƒÂ³n?,"Arteria, vena y nervio auricular",Arteria lingual y nervio facial,Arteria nasal y nervio ÃƒÂ³ptico,Vena yugular y nervio vago
Ã‚Â¿CuÃƒÂ¡l es una aplicaciÃƒÂ³n clÃƒÂ­nica comÃƒÂºn en la regiÃƒÂ³n auricular?,Examen otoscÃƒÂ³pico,ExploraciÃƒÂ³n lingual,RevisiÃƒÂ³n nasal,PalpaciÃƒÂ³n mandibular
Ã‚Â¿QuÃƒÂ© patologÃƒÂ­a se asocia a traumatismos en esta regiÃƒÂ³n?,Otohematoma,Absceso mandibular,Caries dentales,Cistitis
Ã‚Â¿QuÃƒÂ© condiciÃƒÂ³n mÃƒÂ©dica afecta comÃƒÂºnmente esta regiÃƒÂ³n?,Otitis,Tos de las perreras,Dermatitis interdigital,Gingivitis
Ã‚Â¿QuÃƒÂ© tipo de tratamiento puede requerir la regiÃƒÂ³n auricular?,MÃƒÂ©dico y quirÃƒÂºrgico,ÃƒÅ¡nicamente fisioterapÃƒÂ©utico,Solo con antibiÃƒÂ³ticos orales,Solamente nutricional
Ã‚Â¿QuÃƒÂ© instrumento se utiliza para evaluar el conducto auditivo externo?,Otoscopio,Estetoscopio,Endoscopio nasal,Oftalmoscopio
Ã‚Â¿QuÃƒÂ© alteraciÃƒÂ³n puede aparecer tras golpes o sacudidas constantes en la oreja?,Otohematoma,Papiloma oral,Hiperplasia gingival,TorsiÃƒÂ³n gÃƒÂ¡strica
Ã‚Â¿QuÃƒÂ© tipo de cirugÃƒÂ­a puede realizarse en esta regiÃƒÂ³n?,CirugÃƒÂ­a auricular,LobectomÃƒÂ­a hepÃƒÂ¡tica,CirugÃƒÂ­a mandibular,ResecciÃƒÂ³n nasal
Ã‚Â¿QuÃƒÂ© representa el cuello en la anatomÃƒÂ­a del animal?,El eslabÃƒÂ³n que une la cabeza con el tÃƒÂ³rax,La base del crÃƒÂ¡neo,La regiÃƒÂ³n interescapular,El lÃƒÂ­mite entre abdomen y tÃƒÂ³rax
Ã‚Â¿Desde dÃƒÂ³nde se extiende el cuello?,Desde el atlas y el hueso occipital hasta el surco preescapular,Desde el hÃƒÂºmero hasta el esternÃƒÂ³n,Desde la mandÃƒÂ­bula hasta el omÃƒÂ³plato,Desde la escÃƒÂ¡pula hasta el sacro
Ã‚Â¿QuÃƒÂ© estructura forma parte del plano de inicio del cuello?,Atlas,Axis,HÃƒÂºmero,EscÃƒÂ¡pula
Ã‚Â¿CuÃƒÂ¡l es el punto anatÃƒÂ³mico de referencia caudal del cuello?,Surco preescapular,Fosa temporal,Cresta nasal,Giba del sacro
Ã‚Â¿CuÃƒÂ¡l de las siguientes es una estructura palpable en el cuello?,TrÃƒÂ¡quea,EsÃƒÂ³fago,NÃƒÂ³dulo linfÃƒÂ¡tico sublingual,Conducto auditivo externo
Ã‚Â¿CuÃƒÂ¡l es otra estructura palpable ademÃƒÂ¡s de la trÃƒÂ¡quea?,Laringe,GlÃƒÂ¡ndula pineal,Timo,VesÃƒÂ­cula biliar
Ã‚Â¿QuÃƒÂ© porciÃƒÂ³n de C3-C6 se puede palpar lateralmente en el cuello?,Procesos transversos,Procesos espinosos,LÃƒÂ¡minas dorsales,Crestas condilares
Ã‚Â¿QuÃƒÂ© estructura ÃƒÂ³sea lateral se puede palpar en la parte craneal del cuello?,Alas del atlas,Costillas cervicales,TubÃƒÂ©rculo caudal del axis,CartÃƒÂ­lago epiglÃƒÂ³tico
Ã‚Â¿QuÃƒÂ© forma la gotera de la yugular?,Borde ventral del M. braquiocefÃƒÂ¡lico y borde dorsal del M. esternocefÃƒÂ¡lico,LÃƒÂ­mite lateral de la trÃƒÂ¡quea,InserciÃƒÂ³n del mÃƒÂºsculo digÃƒÂ¡strico,Proceso espinoso de la escÃƒÂ¡pula
Ã‚Â¿QuÃƒÂ© regiÃƒÂ³n se encuentra dorsalmente en el cuello?,RegiÃƒÂ³n dorsal del cuello,RegiÃƒÂ³n esternal,RegiÃƒÂ³n temporal,RegiÃƒÂ³n bucal
Ã‚Â¿QuÃƒÂ© regiÃƒÂ³n incluye la faringe y regiÃƒÂ³n parotÃƒÂ­dea?,RegiÃƒÂ³n lateral del cuello,RegiÃƒÂ³n mandibular,RegiÃƒÂ³n ventral,RegiÃƒÂ³n occipital
Ã‚Â¿QuÃƒÂ© regiÃƒÂ³n incluye la trÃƒÂ¡quea y fosa de la yugular?,RegiÃƒÂ³n ventral del cuello,RegiÃƒÂ³n dorsal,RegiÃƒÂ³n craneal,RegiÃƒÂ³n facial
Ã‚Â¿CuÃƒÂ¡l NO es una estructura anatÃƒÂ³mica del cuello?,Cresta ilÃƒÂ­aca,TrÃƒÂ¡quea,Atlas,Fosa de la yugular
Ã‚Â¿QuÃƒÂ© elemento anatÃƒÂ³mico une la cabeza al cuello?,ArticulaciÃƒÂ³n entre el atlas y el occipital,LÃƒÂ­nea nucal,VÃƒÂ©rtebra C7,Ligamento transverso
Ã‚Â¿QuÃƒÂ© estructura muscular delimita la gotera yugular por ventral?,MÃƒÂºsculo braquiocefÃƒÂ¡lico,MÃƒÂºsculo omotransverso,MÃƒÂºsculo pectoral,MÃƒÂºsculo cutÃƒÂ¡neo del cuello
Ã‚Â¿QuÃƒÂ© elemento puede palparse en la lÃƒÂ­nea media del cuello?,TrÃƒÂ¡quea,Arteria carÃƒÂ³tida,Nervio frÃƒÂ©nico,Vena yugular
Ã‚Â¿QuÃƒÂ© mÃƒÂºsculo forma el lÃƒÂ­mite dorsal de la gotera yugular?,MÃƒÂºsculo esternocefÃƒÂ¡lico,MÃƒÂºsculo escalenos,MÃƒÂºsculo platisma,MÃƒÂºsculo trapecio
Ã‚Â¿CuÃƒÂ¡l es una regiÃƒÂ³n profunda relacionada con la base del cuello?,RegiÃƒÂ³n preescapular,RegiÃƒÂ³n paranasal,RegiÃƒÂ³n hioidea,RegiÃƒÂ³n auricular
Ã‚Â¿QuÃƒÂ© vÃƒÂ©rtebras estÃƒÂ¡n relacionadas con los procesos transversos palpables?,C3-C6,C1-C2,C7-T1,T3-T6
Ã‚Â¿QuÃƒÂ© funciÃƒÂ³n tiene la regiÃƒÂ³n del cuello en tÃƒÂ©rminos funcionales?,Conectar la cabeza con el tÃƒÂ³rax,Sostener la base del abdomen,Proteger el sistema linfÃƒÂ¡tico craneal,Anclar las extremidades anteriores
Ã‚Â¿Desde dÃƒÂ³nde se extiende la regiÃƒÂ³n dorsal del cuello?,Desde la cresta nucal del occipital hasta la espalda,Desde la escÃƒÂ¡pula hasta el sacro,Desde la base de la lengua hasta el atlas,Desde el manubrio hasta el hÃƒÂºmero
Ã‚Â¿QuÃƒÂ© estructura marca el lÃƒÂ­mite lateral de la regiÃƒÂ³n dorsal del cuello?,LÃƒÂ­nea que une el ala del atlas con el ÃƒÂ¡ngulo craneal de la escÃƒÂ¡pula,LÃƒÂ­nea que une el occipital con el eje nasal,Borde posterior de la mandÃƒÂ­bula,Surco yugular
Ã‚Â¿QuÃƒÂ© nombre recibe la regiÃƒÂ³n entre el hueso occipital y el atlas?,RegiÃƒÂ³n de la nuca,RegiÃƒÂ³n cervical profunda,Zona intervertebral occipito-mandibular,RegiÃƒÂ³n atlantoaxial
Ã‚Â¿QuÃƒÂ© procedimiento clÃƒÂ­nico se realiza en la regiÃƒÂ³n dorsal del cuello?,Punciones,Biopsias linguales,AuscultaciÃƒÂ³n pulmonar,Electrocardiogramas
Ã‚Â¿QuÃƒÂ© lÃƒÂ­quido se puede obtener en esta regiÃƒÂ³n con valor diagnÃƒÂ³stico?,LÃƒÂ­quido cefalorraquÃƒÂ­deo,LÃƒÂ­quido pleural,LÃƒÂ­quido sinovial,LÃƒÂ­quido peritoneal
Ã‚Â¿A quÃƒÂ© nivel se obtiene el lÃƒÂ­quido cefalorraquÃƒÂ­deo en esta regiÃƒÂ³n?,A nivel de la articulaciÃƒÂ³n atlantooccipital,A nivel de la articulaciÃƒÂ³n esternoclavicular,En la base de la oreja,En la regiÃƒÂ³n mandibular
Ã‚Â¿QuÃƒÂ© hueso marca el extremo craneal de la regiÃƒÂ³n dorsal del cuello?,Occipital,Parietal,Temporal,MandÃƒÂ­bula
Ã‚Â¿QuÃƒÂ© vÃƒÂ©rtebra delimita caudalmente la regiÃƒÂ³n de la nuca?,Atlas,Axis,C5,T1
Ã‚Â¿QuÃƒÂ© importancia clÃƒÂ­nica tiene la regiÃƒÂ³n dorsal del cuello?,Permite acceso al sistema nervioso central,Permite drenaje del sistema linfÃƒÂ¡tico abdominal,Se utiliza para anestesias epidurales caudales,Aumenta la movilidad torÃƒÂ¡cica
Ã‚Â¿QuÃƒÂ© regiÃƒÂ³n conecta el crÃƒÂ¡neo con la regiÃƒÂ³n torÃƒÂ¡cica por vÃƒÂ­a dorsal?,RegiÃƒÂ³n dorsal del cuello,RegiÃƒÂ³n mandibular,RegiÃƒÂ³n ventral del cuello,RegiÃƒÂ³n cervical superficial
Ã‚Â¿Desde dÃƒÂ³nde se extiende la regiÃƒÂ³n lateral del cuello?,Desde el atlas y hueso occipital hasta el surco de la escÃƒÂ¡pula,Desde la escÃƒÂ¡pula hasta el manubrio esternal,Desde la mandÃƒÂ­bula hasta el atlas,Desde la lengua hasta el hÃƒÂºmero
Ã‚Â¿QuÃƒÂ© lÃƒÂ­nea lateral limita la regiÃƒÂ³n lateral del cuello?,LÃƒÂ­nea que une el ala del atlas con el ÃƒÂ¡ngulo craneal de la escÃƒÂ¡pula,LÃƒÂ­nea que une el atlas con la apÃƒÂ³fisis mastoides,LÃƒÂ­nea media cervical,Borde rostral del omÃƒÂ³plato
Ã‚Â¿QuÃƒÂ© regiones pertenecen a la regiÃƒÂ³n lateral del cuello?,"FarÃƒÂ­ngea, parotÃƒÂ­dea, braquiocefÃƒÂ¡lica y preescapular","Mandibular, dorsal, lingual y temporal","Cervical profunda, hioidea y auricular","Facial, nasal, occipital y hioidea"
Ã‚Â¿QuÃƒÂ© regiÃƒÂ³n forma la base de la regiÃƒÂ³n farÃƒÂ­ngea?,La faringe,La lengua,La laringe,El esÃƒÂ³fago
Ã‚Â¿CuÃƒÂ¡l es el lÃƒÂ­mite dorsal de la regiÃƒÂ³n farÃƒÂ­ngea en el perro y gato?,VÃƒÂ³mer y 2da y 3ra vÃƒÂ©rtebras cervicales,Atlas y base del crÃƒÂ¡neo,C1 y C2 ÃƒÂºnicamente,EscÃƒÂ¡pula y base de la lengua
Ã‚Â¿CuÃƒÂ¡l es el lÃƒÂ­mite ventral de la regiÃƒÂ³n farÃƒÂ­ngea?,RaÃƒÂ­z de la lengua y base de la laringe,CartÃƒÂ­lago epiglÃƒÂ³tico,TrÃƒÂ¡quea y esternÃƒÂ³n,Paladar blando
Ã‚Â¿QuÃƒÂ© hueso es parte del lÃƒÂ­mite lateral de la regiÃƒÂ³n farÃƒÂ­ngea?,M. pterigoideo,M. temporal,M. digÃƒÂ¡strico,H. nasal
Ã‚Â¿QuÃƒÂ© arteria forma parte de los vasos de la regiÃƒÂ³n farÃƒÂ­ngea?,CarÃƒÂ³tida comÃƒÂºn,Basilar,HepÃƒÂ¡tica,Lingual externa
Ã‚Â¿QuÃƒÂ© nervio NO pertenece a los vasos y nervios de la faringe?,Nervio ÃƒÂ³ptico,TrigÃƒÂ©mino,GlosofarÃƒÂ­ngeo,Vago
Ã‚Â¿QuÃƒÂ© consecuencia clÃƒÂ­nica puede tener la hipertrofia de los linfonodos retrofarÃƒÂ­ngeos?,Dificultades en la degluciÃƒÂ³n y respiraciÃƒÂ³n,PÃƒÂ©rdida de visiÃƒÂ³n,Inestabilidad pÃƒÂ©lvica,Fiebre y vÃƒÂ³mito
Ã‚Â¿QuÃƒÂ© estructura se extiende ventralmente en la regiÃƒÂ³n farÃƒÂ­ngea?,Base de la laringe,CartÃƒÂ­lago nasal,Tronco simpÃƒÂ¡tico,Cresta nucal
Ã‚Â¿QuÃƒÂ© arteria irriga la regiÃƒÂ³n farÃƒÂ­ngea ademÃƒÂ¡s de la carÃƒÂ³tida comÃƒÂºn?,CarÃƒÂ³tida externa,Facial externa,Lingual interna,Basilar caudal
Ã‚Â¿QuÃƒÂ© mÃƒÂºsculo o grupo muscular delimita la regiÃƒÂ³n farÃƒÂ­ngea lateralmente?,M. estilohioideo y retrofarÃƒÂ­ngeos mediales,M. temporal y orbicular,M. occipitales,M. del velo del paladar
Ã‚Â¿QuÃƒÂ© linfonodos estÃƒÂ¡n implicados en la regiÃƒÂ³n farÃƒÂ­ngea?,Lnn. retrofarÃƒÂ­ngeos mediales,Lnn. submandibulares,Lnn. cervicales profundos,Lnn. ilÃƒÂ­acos
Ã‚Â¿QuÃƒÂ© funciÃƒÂ³n tiene la palpaciÃƒÂ³n de los Lnn. retrofarÃƒÂ­ngeos?,Evaluar hipertrofia por infecciÃƒÂ³n,Detectar fracturas,Valorar la frecuencia respiratoria,Examinar secreciÃƒÂ³n ocular
Ã‚Â¿CuÃƒÂ¡l es un signo clÃƒÂ­nico de hipertrofia de linfonodos farÃƒÂ­ngeos?,Disfagia,Hipoacusia,Ataxia,EpÃƒÂ­fora
Ã‚Â¿QuÃƒÂ© par craneal estÃƒÂ¡ implicado en la inervaciÃƒÂ³n de la faringe?,Nervio glosofarÃƒÂ­ngeo,Nervio vestibulococlear,Nervio accesorio,Nervio olfatorio
Ã‚Â¿QuÃƒÂ© huesos estÃƒÂ¡n prÃƒÂ³ximos a la regiÃƒÂ³n farÃƒÂ­ngea en direcciÃƒÂ³n lateral?,Maxilar y estilohioides,EscÃƒÂ¡pula y hÃƒÂºmero,Nasal y frontal,CÃƒÂºbito y radio
Ã‚Â¿QuÃƒÂ© estructura NO forma parte directa de la regiÃƒÂ³n lateral del cuello?,LÃƒÂ³bulo auricular,RegiÃƒÂ³n farÃƒÂ­ngea,RegiÃƒÂ³n preescapular,RegiÃƒÂ³n parotÃƒÂ­dea
Ã‚Â¿QuÃƒÂ© nervio forma parte de la inervaciÃƒÂ³n farÃƒÂ­ngea ademÃƒÂ¡s del glosofarÃƒÂ­ngeo?,Nervio vago,Nervio olfatorio,Nervio ÃƒÂ³ptico,Nervio troclear
Ã‚Â¿QuÃƒÂ© tipo de regiÃƒÂ³n es la regiÃƒÂ³n parotÃƒÂ­dea?,RegiÃƒÂ³n de transiciÃƒÂ³n entre la cabeza y el cuello,RegiÃƒÂ³n torÃƒÂ¡cica profunda,RegiÃƒÂ³n lumbar caudal,RegiÃƒÂ³n mandibular interna
Ã‚Â¿QuÃƒÂ© glÃƒÂ¡ndula ocupa la regiÃƒÂ³n parotÃƒÂ­dea?,GlÃƒÂ¡ndula parÃƒÂ³tida,GlÃƒÂ¡ndula submandibular,GlÃƒÂ¡ndula tiroides,GlÃƒÂ¡ndula lacrimal
Ã‚Â¿CuÃƒÂ¡l es el lÃƒÂ­mite dorsal de la regiÃƒÂ³n parotÃƒÂ­dea?,RegiÃƒÂ³n auricular,RegiÃƒÂ³n nasal,RegiÃƒÂ³n cervical profunda,RegiÃƒÂ³n hioidea
Ã‚Â¿QuÃƒÂ© lÃƒÂ­mite marca ventralmente la regiÃƒÂ³n parotÃƒÂ­dea?,RegiÃƒÂ³n ventral del cuello,RegiÃƒÂ³n mandibular,RegiÃƒÂ³n masetÃƒÂ©rica,RegiÃƒÂ³n interescapular
Ã‚Â¿QuÃƒÂ© estructura ÃƒÂ³sea marca el lÃƒÂ­mite craneal de la regiÃƒÂ³n parotÃƒÂ­dea?,Rama de la mandÃƒÂ­bula,Atlas,Base de la lengua,ClavÃƒÂ­cula
Ã‚Â¿CuÃƒÂ¡l es una aplicaciÃƒÂ³n clÃƒÂ­nica importante de la regiÃƒÂ³n parotÃƒÂ­dea?,ExtirpaciÃƒÂ³n de la glÃƒÂ¡ndula parÃƒÂ³tida,ImplantaciÃƒÂ³n coclear,Reemplazo mandibular,CirugÃƒÂ­a del globo ocular
Ã‚Â¿QuÃƒÂ© condiciÃƒÂ³n patolÃƒÂ³gica puede tratarse con incisiÃƒÂ³n en esta regiÃƒÂ³n?,Abscesos postauriculares,Quistes sebÃƒÂ¡ceos palpebrales,Linfadenitis sublingual,Sinusitis frontal
Ã‚Â¿QuÃƒÂ© mÃƒÂºsculo constituye la base de la regiÃƒÂ³n braquiocefÃƒÂ¡lica?,MÃƒÂºsculo braquiocefÃƒÂ¡lico,MÃƒÂºsculo esternocleidomastoideo,MÃƒÂºsculo temporal,MÃƒÂºsculo digÃƒÂ¡strico
Ã‚Â¿CuÃƒÂ¡l es el lÃƒÂ­mite dorsal de la regiÃƒÂ³n braquiocefÃƒÂ¡lica?,LÃƒÂ­nea de la regiÃƒÂ³n de la nuca,LÃƒÂ­nea mandibular inferior,LÃƒÂ­nea vertebral lumbar,Cresta nasal
Ã‚Â¿QuÃƒÂ© regiÃƒÂ³n limita caudalmente a la regiÃƒÂ³n braquiocefÃƒÂ¡lica?,La espalda,La regiÃƒÂ³n parietal,El hombro,El paladar blando
Ã‚Â¿QuÃƒÂ© procedimiento clÃƒÂ­nico se realiza comÃƒÂºnmente en la regiÃƒÂ³n braquiocefÃƒÂ¡lica?,Inyecciones subcutÃƒÂ¡neas,IntubaciÃƒÂ³n esofÃƒÂ¡gica,CirugÃƒÂ­a endoscÃƒÂ³pica nasal,AspiraciÃƒÂ³n gÃƒÂ¡strica
Ã‚Â¿QuÃƒÂ© regiÃƒÂ³n limita cranealmente con la regiÃƒÂ³n braquiocefÃƒÂ¡lica?,RegiÃƒÂ³n parotÃƒÂ­dea,RegiÃƒÂ³n intermandibular,RegiÃƒÂ³n orbitaria,RegiÃƒÂ³n nasal
Ã‚Â¿DÃƒÂ³nde se sitÃƒÂºa la regiÃƒÂ³n preescapular?,Por delante de la escÃƒÂ¡pula,Sobre el tÃƒÂ³rax dorsal,Caudal al hombro,Por detrÃƒÂ¡s del cuello
Ã‚Â¿CuÃƒÂ¡l es la importancia clÃƒÂ­nica de la regiÃƒÂ³n preescapular?,ExploraciÃƒÂ³n de ganglios linfÃƒÂ¡ticos preescapulares,EvaluaciÃƒÂ³n del reflejo patelar,MediciÃƒÂ³n del diÃƒÂ¡metro torÃƒÂ¡cico,InspecciÃƒÂ³n de los sacos anales
Ã‚Â¿QuÃƒÂ© planos anatÃƒÂ³micos tiene la regiÃƒÂ³n preescapular?,Los mismos que en la regiÃƒÂ³n braquiocefÃƒÂ¡lica,Iguales a la regiÃƒÂ³n orbitaria,Equivalentes a la regiÃƒÂ³n abdominal,Como en la regiÃƒÂ³n nasal
Ã‚Â¿QuÃƒÂ© procedimiento puede incluir la regiÃƒÂ³n preescapular por su importancia clÃƒÂ­nica?,PalpaciÃƒÂ³n de ganglios linfÃƒÂ¡ticos,CateterizaciÃƒÂ³n venosa,TrepanaciÃƒÂ³n ÃƒÂ³sea,LaringoscopÃƒÂ­a
Ã‚Â¿QuÃƒÂ© estructura puede extirparse desde la regiÃƒÂ³n parotÃƒÂ­dea en caso de patologÃƒÂ­a?,GlÃƒÂ¡ndula mandibular,GlÃƒÂ¡ndula lagrimal,GlÃƒÂ¡ndula sublingual,GlÃƒÂ¡ndula pineal
Ã‚Â¿QuÃƒÂ© tipo de inyecciones se suelen aplicar en la regiÃƒÂ³n braquiocefÃƒÂ¡lica?,SubcutÃƒÂ¡neas,Intratecales,IntracardÃƒÂ­acas,Intraarticulares
Ã‚Â¿QuÃƒÂ© parte de la anatomÃƒÂ­a limita ventralmente a la regiÃƒÂ³n braquiocefÃƒÂ¡lica?,Surco yugular,Fosa nasal,CartÃƒÂ­lago cricoides,MÃƒÂºsculo digÃƒÂ¡strico
Ã‚Â¿QuÃƒÂ© regiÃƒÂ³n se explora al realizar un examen de ganglios preescapulares?,RegiÃƒÂ³n preescapular,RegiÃƒÂ³n hioidea,RegiÃƒÂ³n mandibular,RegiÃƒÂ³n parietal
Ã‚Â¿Desde dÃƒÂ³nde se extiende la regiÃƒÂ³n ventral del cuello?,Desde el atlas y hueso occipital hasta el surco preescapular,Desde la base del crÃƒÂ¡neo hasta el hÃƒÂºmero,Desde el occipital hasta el hombro,Desde el atlas hasta la escÃƒÂ¡pula
Ã‚Â¿QuÃƒÂ© estructuras se incluyen en la regiÃƒÂ³n ventral del cuello?,"RegiÃƒÂ³n larÃƒÂ­ngea, traqueal, surco y fosa yugular",RegiÃƒÂ³n nasal y regiÃƒÂ³n orbitaria,RegiÃƒÂ³n bucal y mandibular,RegiÃƒÂ³n auricular y parietal
Ã‚Â¿DÃƒÂ³nde se encuentra la regiÃƒÂ³n traqueal?,En la lÃƒÂ­nea media ventral de la regiÃƒÂ³n ventral del cuello,En la base de la regiÃƒÂ³n occipital,Lateral a la escÃƒÂ¡pula,En la lÃƒÂ­nea dorsal entre las vÃƒÂ©rtebras cervicales
Ã‚Â¿Hasta dÃƒÂ³nde alcanza la regiÃƒÂ³n traqueal caudalmente?,Apertura torÃƒÂ¡cica craneal,Base de la lengua,Surco temporal,RaÃƒÂ­z del hÃƒÂºmero
Ã‚Â¿QuÃƒÂ© procedimientos clÃƒÂ­nicos se realizan en la regiÃƒÂ³n traqueal?,"TraqueotomÃƒÂ­a, esofagotomÃƒÂ­a, cirugÃƒÂ­a de glÃƒÂ¡ndulas tiroides","AmputaciÃƒÂ³n de oreja, biopsia renal",AspiraciÃƒÂ³n esplÃƒÂ©nica,CirugÃƒÂ­a periodontal
Ã‚Â¿QuÃƒÂ© mÃƒÂºsculo delimita dorsalmente la gotera de la yugular?,MÃƒÂºsculo braquiocefÃƒÂ¡lico,MÃƒÂºsculo temporal,MÃƒÂºsculo digÃƒÂ¡strico,MÃƒÂºsculo genihioideo
Ã‚Â¿QuÃƒÂ© mÃƒÂºsculo delimita ventralmente la gotera yugular?,MÃƒÂºsculo esternocefÃƒÂ¡lico,MÃƒÂºsculo cleidocefÃƒÂ¡lico,MÃƒÂºsculo esternohioideo,MÃƒÂºsculo milohioideo
Ã‚Â¿QuÃƒÂ© vena se encuentra en la gotera de la yugular?,Vena yugular externa,Vena yugular interna,Vena basÃƒÂ­lica,Vena cava caudal
Ã‚Â¿QuÃƒÂ© procedimiento se realiza comÃƒÂºnmente en la gotera yugular?,VenopunciÃƒÂ³n,IncisiÃƒÂ³n cervical,ExtracciÃƒÂ³n dental,Endoscopia nasal
Ã‚Â¿QuÃƒÂ© aplicaciÃƒÂ³n tiene la venopunciÃƒÂ³n en la gotera yugular?,ObtenciÃƒÂ³n de muestras,Toma de presiÃƒÂ³n arterial,AuscultaciÃƒÂ³n larÃƒÂ­ngea,Biopsia muscular
Ã‚Â¿QuÃƒÂ© se debe evitar al inyectar en la yugular externa?,LesiÃƒÂ³n de las paredes endoteliales,Hipotermia local,AlteraciÃƒÂ³n de la trÃƒÂ¡quea,ObstrucciÃƒÂ³n bronquial
Ã‚Â¿CuÃƒÂ¡l es la mejor zona para inyectar en la yugular externa?,Entre el tercio superior y medio,En el tercio inferior solamente,A nivel de la escÃƒÂ¡pula,Justo debajo de la mandÃƒÂ­bula
Ã‚Â¿QuÃƒÂ© condiciÃƒÂ³n permite visualizar fÃƒÂ¡cilmente la yugular externa?,CompresiÃƒÂ³n de la zona,Hipertermia,ElevaciÃƒÂ³n mandibular,Estiramiento lingual
Ã‚Â¿QuÃƒÂ© vÃƒÂ­a se utiliza en emergencias para aplicar tratamiento en esta regiÃƒÂ³n?,VÃƒÂ­a intravenosa yugular,VÃƒÂ­a intramuscular glÃƒÂºtea,VÃƒÂ­a intranasal,VÃƒÂ­a subcutÃƒÂ¡nea escapular
Ã‚Â¿QuÃƒÂ© estructura se encuentra justo ventral a la trÃƒÂ¡quea en esta regiÃƒÂ³n?,EsÃƒÂ³fago,Nervio vago,Laringe,Tiroides
Ã‚Â¿QuÃƒÂ© puede visualizarse al realizar una traqueotomÃƒÂ­a?,Anillos traqueales,CartÃƒÂ­lago nasal,MÃƒÂºsculo esternomastoideo,Cavidad timpÃƒÂ¡nica
Ã‚Â¿QuÃƒÂ© procedimiento se realiza para permitir el paso de aire en obstrucciones altas?,TraqueotomÃƒÂ­a,LaringectomÃƒÂ­a,AmigdalectomÃƒÂ­a,GastrotomÃƒÂ­a
Ã‚Â¿QuÃƒÂ© mÃƒÂºsculo NO delimita la gotera yugular?,MÃƒÂºsculo masetero,MÃƒÂºsculo braquiocefÃƒÂ¡lico,MÃƒÂºsculo esternocefÃƒÂ¡lico,Ninguno de los anteriores
Ã‚Â¿QuÃƒÂ© tÃƒÂ©cnica puede realizarse para aliviar presiÃƒÂ³n esofÃƒÂ¡gica en esta regiÃƒÂ³n?,EsofagotomÃƒÂ­a,LobectomÃƒÂ­a pulmonar,Palatoplastia,RinotomÃƒÂ­a
Ã‚Â¿QuÃƒÂ© estructuras se deben evitar daÃƒÂ±ar al realizar una venopunciÃƒÂ³n?,Paredes endoteliales de la vena,CartÃƒÂ­lago epiglÃƒÂ³tico,Conducto auditivo,Ganglios linfÃƒÂ¡ticos del ojo
Ã‚Â¿CuÃƒÂ¡l es el lÃƒÂ­mite craneal del tÃƒÂ³rax?,Surco preescapular,CartÃƒÂ­lago xifoides,Base del cuello,Cresta ilÃƒÂ­aca
Ã‚Â¿CuÃƒÂ¡l es el lÃƒÂ­mite caudal del tÃƒÂ³rax?,Proceso transverso de la ÃƒÂºltima vÃƒÂ©rtebra torÃƒÂ¡cica,Fosa iliaca,LÃƒÂ­nea alba,Cresta sacra
Ã‚Â¿QuÃƒÂ© estructura marca el borde caudal del tÃƒÂ³rax hacia el cartÃƒÂ­lago xifoides?,Borde caudal de la ÃƒÂºltima costilla,Arco costal rostral,Costillas flotantes,CartÃƒÂ­lago cricoides
Ã‚Â¿CuÃƒÂ¡l de los siguientes es un punto palpable en el tÃƒÂ³rax?,Espacios intercostales,VÃƒÂ¡lvula ileocecal,Arco zigomÃƒÂ¡tico,TubÃƒÂ©rculo larÃƒÂ­ngeo
Ã‚Â¿QuÃƒÂ© ÃƒÂ³rgano NO se encuentra dentro del tÃƒÂ³rax?,EstÃƒÂ³mago,Pulmones,EsÃƒÂ³fago,CorazÃƒÂ³n
Ã‚Â¿CuÃƒÂ¡l de estos ÃƒÂ³rganos se encuentra en el mediastino?,Nervio vago,RiÃƒÂ±ÃƒÂ³n,Uretra,Colon ascendente
Ã‚Â¿QuÃƒÂ© estructura vascular se encuentra en el tÃƒÂ³rax?,Vena cava craneal y caudal,Vena porta,Vena yugular interna,Arteria femoral
Ã‚Â¿QuÃƒÂ© arteria nace del corazÃƒÂ³n en el tÃƒÂ³rax?,Arteria aorta ascendente,Arteria carÃƒÂ³tida,Arteria renal,Arteria tibial
Ã‚Â¿QuÃƒÂ© estructura forma parte del lÃƒÂ­mite caudal de la regiÃƒÂ³n esternal?,CartÃƒÂ­lago xifoides,CartÃƒÂ­lago costal,ApÃƒÂ³fisis espinosa,MÃƒÂºsculo escaleno
Ã‚Â¿CuÃƒÂ¡l es el lÃƒÂ­mite craneal de la regiÃƒÂ³n esternal?,Manubrio del esternÃƒÂ³n,CartÃƒÂ­lago larÃƒÂ­ngeo,Furca esternal,Espina escapular
Ã‚Â¿QuÃƒÂ© mÃƒÂºsculo forma parte del lÃƒÂ­mite lateral de la regiÃƒÂ³n esternal?,MÃƒÂºsculo pectoral profundo,MÃƒÂºsculo braquiocefÃƒÂ¡lico,MÃƒÂºsculo temporal,MÃƒÂºsculo cricotiroideo
Ã‚Â¿QuÃƒÂ© fascia se encuentra en la regiÃƒÂ³n esternal?,Fascia pectoral superficial,Fascia retrofarÃƒÂ­ngea,Fascia bucal interna,Fascia mesentÃƒÂ©rica
Ã‚Â¿CuÃƒÂ¡l de los siguientes cartÃƒÂ­lagos es parte de la regiÃƒÂ³n esternal?,CartÃƒÂ­lago xifoides,CartÃƒÂ­lago nasal,CartÃƒÂ­lago epiglÃƒÂ³tico,CartÃƒÂ­lago cricoides
Ã‚Â¿QuÃƒÂ© estructura respiratoria se encuentra en el tÃƒÂ³rax?,TrÃƒÂ¡quea,Faringe,VestÃƒÂ­bulo nasal,Cavidad oral
Ã‚Â¿QuÃƒÂ© nervio forma parte del contenido torÃƒÂ¡cico?,Nervio vago,Nervio ÃƒÂ³ptico,Nervio olfatorio,Nervio facial
Ã‚Â¿QuÃƒÂ© regiÃƒÂ³n contiene al timo en animales jÃƒÂ³venes?,RegiÃƒÂ³n esternal,RegiÃƒÂ³n parietal,RegiÃƒÂ³n dorsal del cuello,RegiÃƒÂ³n nasal
Ã‚Â¿QuÃƒÂ© estructura vascular se ubica en la regiÃƒÂ³n esternal?,Arteria y vena torÃƒÂ¡cica interna,Vena yugular externa,Arteria renal,Vena porta
Ã‚Â¿CuÃƒÂ¡l es un plano anatÃƒÂ³mico de la regiÃƒÂ³n esternal?,"Piel, fascia, mÃƒÂºsculo y pleura parietal",MÃƒÂ©dula espinal y meninges,Corteza renal y papilas,Submucosa nasal y epitelio olfativo
Ã‚Â¿QuÃƒÂ© mÃƒÂºsculo se encuentra en la regiÃƒÂ³n esternal como parte del plano superficial?,MÃƒÂºsculo pectoral superficial,MÃƒÂºsculo masetero,MÃƒÂºsculo temporal,MÃƒÂºsculo orbicular
Ã‚Â¿QuÃƒÂ© regiÃƒÂ³n torÃƒÂ¡cica permite la palpaciÃƒÂ³n del manubrio?,RegiÃƒÂ³n esternal,RegiÃƒÂ³n costal caudal,RegiÃƒÂ³n dorsal del tÃƒÂ³rax,RegiÃƒÂ³n escapular
Ã‚Â¿CuÃƒÂ¡l es una aplicaciÃƒÂ³n clÃƒÂ­nica de la regiÃƒÂ³n costo-lateral?,Toracocentesis,LaringoscopÃƒÂ­a,AuscultaciÃƒÂ³n nasal,Biopsia hepÃƒÂ¡tica
Ã‚Â¿QuÃƒÂ© plano anatÃƒÂ³mico estÃƒÂ¡ presente en la regiÃƒÂ³n costo-lateral?,Fascia superficial del tronco,CÃƒÂ¡psula sinovial,Mucosa gÃƒÂ¡strica,Pericardio visceral
Ã‚Â¿QuÃƒÂ© mÃƒÂºsculo se encuentra en la regiÃƒÂ³n costo-lateral?,M. serrato dorsal caudal,M. pterigoideo medial,M. digÃƒÂ¡strico,M. braquiocefÃƒÂ¡lico
Ã‚Â¿QuÃƒÂ© arterias se ubican en la regiÃƒÂ³n costo-lateral?,Arterias intercostales,Arterias renales,Arterias carÃƒÂ³tidas,Arterias digitales
Ã‚Â¿QuÃƒÂ© procedimiento se puede hacer en la regiÃƒÂ³n costo-subescapular?,Inyecciones intratorÃƒÂ¡cicas,Inyecciones intranasales,Biopsias linguales,IncisiÃƒÂ³n en prepucio
Ã‚Â¿QuÃƒÂ© borde marca el lÃƒÂ­mite caudal de la regiÃƒÂ³n costo-subescapular?,Borde caudal de la escÃƒÂ¡pula al olÃƒÂ©cranon,Base de la escÃƒÂ¡pula,CartÃƒÂ­lago cricoides,Base del occipital
Ã‚Â¿QuÃƒÂ© procedimiento se realiza en la regiÃƒÂ³n costo-subescapular para drenar cavidades?,ToracotomÃƒÂ­a,GastrotomÃƒÂ­a,EsplenectomÃƒÂ­a,Palatoplastia
Ã‚Â¿QuÃƒÂ© evaluaciÃƒÂ³n se hace en la regiÃƒÂ³n costo-subescapular?,AuscultaciÃƒÂ³n cardÃƒÂ­aca y pulmonar,Reflejo pupilar,PresiÃƒÂ³n arterial femoral,FunciÃƒÂ³n hepÃƒÂ¡tica
Ã‚Â¿DÃƒÂ³nde se encuentra el mediastino?,Entre los dos pulmones,Entre las costillas dorsales,Entre el diafragma y el hÃƒÂ­gado,Rodeando la trÃƒÂ¡quea cervical
Ã‚Â¿CuÃƒÂ¡l de los siguientes ÃƒÂ³rganos se encuentra en el mediastino?,CorazÃƒÂ³n,RiÃƒÂ±ÃƒÂ³n,HÃƒÂ­gado,EstÃƒÂ³mago
Ã‚Â¿QuÃƒÂ© estructura del sistema digestivo cruza el mediastino?,EsÃƒÂ³fago,Colon transverso,EstÃƒÂ³mago,Duodeno
Ã‚Â¿QuÃƒÂ© divisiÃƒÂ³n del mediastino contiene el corazÃƒÂ³n?,Todas las divisiones lo incluyen,Solo la craneal dorsal,ÃƒÅ¡nicamente la caudal ventral,Ninguna lo contiene
Ã‚Â¿QuÃƒÂ© nÃƒÂ³dulos se ubican en el mediastino?,NÃƒÂ³dulos mediastÃƒÂ­nicos,NÃƒÂ³dulos mandibulares,NÃƒÂ³dulos mesentÃƒÂ©ricos,NÃƒÂ³dulos axilares
Ã‚Â¿QuÃƒÂ© arteria se observa en el mediastino?,Aorta,Arteria renal,Arteria facial,Arteria radial
Ã‚Â¿QuÃƒÂ© parte del pulmÃƒÂ³n rodea al mediastino?,Ambos pulmones,Solo el lÃƒÂ³bulo accesorio,Solo el pulmÃƒÂ³n izquierdo,Ninguno
Ã‚Â¿QuÃƒÂ© plano anatÃƒÂ³mico estÃƒÂ¡ presente en la regiÃƒÂ³n costo-lateral?,Pleura parietal,Duramadre,Mucosa gÃƒÂ¡strica,Periostio
Ã‚Â¿QuÃƒÂ© regiÃƒÂ³n permite evaluaciÃƒÂ³n de la condiciÃƒÂ³n corporal y toracotomÃƒÂ­as?,RegiÃƒÂ³n costo-lateral,RegiÃƒÂ³n auricular,RegiÃƒÂ³n escrotal,RegiÃƒÂ³n lingual
Ã‚Â¿QuÃƒÂ© tÃƒÂ©cnica de imagen se relaciona con la regiÃƒÂ³n costo-lateral?,RadiografÃƒÂ­a de tÃƒÂ³rax,RMN de crÃƒÂ¡neo,Ultrasonido testicular,EndoscopÃƒÂ­a esofÃƒÂ¡gica
Ã‚Â¿QuÃƒÂ© fascia se encuentra en la regiÃƒÂ³n costo-lateral?,Fascia toracolumbar,Fascia bucal,Fascia urogenital,Fascia temporomandibular
Ã‚Â¿QuÃƒÂ© mÃƒÂºsculo se observa en la regiÃƒÂ³n costo-lateral dorsalmente?,M. gran dorsal,M. milohioideo,M. cricotiroideo,M. pterigoideo
Ã‚Â¿QuÃƒÂ© nervio se encuentra en el mediastino dorsal craneal derecho?,Nervio vago,Nervio frÃƒÂ©nico,Nervio ÃƒÂ³ptico,Nervio olfatorio
Ã‚Â¿QuÃƒÂ© vena estÃƒÂ¡ presente en el mediastino dorsal craneal derecho?,Vena ÃƒÂ¡cigos,Vena yugular,Vena porta,Vena renal
Ã‚Â¿QuÃƒÂ© ganglio estÃƒÂ¡ presente en el mediastino dorsal craneal derecho?,Ganglio cervicotorÃƒÂ¡cico,Ganglio submandibular,Ganglio mesentÃƒÂ©rico,Ganglio retromandibular
Ã‚Â¿QuÃƒÂ© conducto linfÃƒÂ¡tico estÃƒÂ¡ en el mediastino dorsal izquierdo?,Ducto torÃƒÂ¡cico,Ducto sublingual,Ducto pancreÃƒÂ¡tico,Ducto renal
Ã‚Â¿QuÃƒÂ© nervio se encuentra en el mediastino dorsal craneal izquierdo?,Nervio cervical traqueal,Nervio frÃƒÂ©nico,Nervio auditivo,Nervio abducens
Ã‚Â¿QuÃƒÂ© estructura vascular estÃƒÂ¡ presente en el mediastino dorsal de ambos lados?,Arterias y venas vertebrales,Vena cava,Arteria pulmonar,Vena hepÃƒÂ¡tica
Ã‚Â¿QuÃƒÂ© arteria se encuentra en el mediastino ventral craneal derecho?,Arteria cervical superficial,Arteria radial profunda,Arteria carÃƒÂ³tida externa,Arteria vertebral
Ã‚Â¿QuÃƒÂ© vena estÃƒÂ¡ en el mediastino ventral craneal izquierdo?,Vena yugular,Vena ÃƒÂ¡cigos,Vena porta,Vena femoral
Ã‚Â¿QuÃƒÂ© nervio se encuentra en el mediastino ventral craneal izquierdo?,Nervio frÃƒÂ©nico,Nervio olfatorio,Nervio troclear,Nervio ÃƒÂ³ptico
Ã‚Â¿QuÃƒÂ© glÃƒÂ¡ndula estÃƒÂ¡ presente en el mediastino ventral craneal?,Timo,Tiroides,Suprarrenal,ParÃƒÂ³tida
Ã‚Â¿QuÃƒÂ© tronco arterial se encuentra en ambos lados del mediastino ventral craneal?,Tronco braquiocefÃƒÂ¡lico,Tronco celÃƒÂ­aco,Tronco pulmonar,Tronco basilar
Ã‚Â¿QuÃƒÂ© arterias y venas se encuentran en ambos lados del mediastino ventral craneal?,TorÃƒÂ¡cica externa,EsplÃƒÂ©nica,CoccÃƒÂ­gea,CarÃƒÂ³tida externa
Ã‚Â¿QuÃƒÂ© vena se acompaÃƒÂ±a de su arteria homÃƒÂ³loga en el mediastino ventral craneal derecho?,Vena subclavia,Vena yugular interna,Vena cava caudal,Vena renal
Ã‚Â¿QuÃƒÂ© ganglio estÃƒÂ¡ presente en ambos lados del mediastino dorsal craneal?,Ganglio estrellado,Ganglio mesentÃƒÂ©rico,Ganglio simpÃƒÂ¡tico lumbar,Ganglio mandibular
Ã‚Â¿QuÃƒÂ© estructuras pertenecen exclusivamente al mediastino dorsal izquierdo?,Ducto torÃƒÂ¡cico y nervio cervical traqueal,Timo y nervio frÃƒÂ©nico,Arteria subclavia y ganglio cervical,Vena cava y conducto nasal
Ã‚Â¿QuÃƒÂ© vena se encuentra en el mediastino dorsal medio derecho?,Vena cava,Vena yugular,Vena subclavia,Vena renal
Ã‚Â¿QuÃƒÂ© estructuras respiratorias se encuentran en el mediastino dorsal medio derecho?,Venas pulmonares y trÃƒÂ¡quea,Bronquios y laringe,Pulmones y narinas,Senos frontales y bronquios
Ã‚Â¿QuÃƒÂ© estructura linfÃƒÂ¡tica se encuentra en el mediastino dorsal medio derecho?,Ducto torÃƒÂ¡cico,Timo,Ganglio estrellado,LinfÃƒÂ¡ticos linguales
Ã‚Â¿QuÃƒÂ© nervio aparece en ambos lados del mediastino dorsal medio?,Nervio frÃƒÂ©nico,Nervio hipogloso,Nervio olfatorio,Nervio accesorio
Ã‚Â¿QuÃƒÂ© ÃƒÂ³rgano se encuentra en el mediastino ventral medio?,CorazÃƒÂ³n,PulmÃƒÂ³n izquierdo,EsÃƒÂ³fago,EstÃƒÂ³mago
Ã‚Â¿QuÃƒÂ© estructura vascular estÃƒÂ¡ en el mediastino ventral medio?,Arteria y vena torÃƒÂ¡cica interna,Vena ÃƒÂ¡cigos,Arteria carÃƒÂ³tida,Arteria subclavia
Ã‚Â¿QuÃƒÂ© cubre al corazÃƒÂ³n en el mediastino ventral medio?,Pericardio,Pleura visceral,CÃƒÂ¡psula serosa,Fascia parietal
Ã‚Â¿QuÃƒÂ© nervio estÃƒÂ¡ presente en el mediastino dorsal medio izquierdo?,Nervio vago,Nervio radial,Nervio trigÃƒÂ©mino,Nervio facial
Ã‚Â¿QuÃƒÂ© ÃƒÂ³rgano digestivo estÃƒÂ¡ presente en el mediastino dorsal medio izquierdo?,EsÃƒÂ³fago,EstÃƒÂ³mago,Ciego,Duodeno
Ã‚Â¿QuÃƒÂ© cadena nerviosa aparece en el mediastino dorsal medio izquierdo?,Cadena ganglionar simpÃƒÂ¡tica,Plexo cervical,Tronco simpÃƒÂ¡tico lumbar,Ganglio mandibular
Ã‚Â¿QuÃƒÂ© vasos se encuentran en el mediastino ventral caudal?,Vena y arteria torÃƒÂ¡cica interna,Vena yugular y arteria femoral,Vena renal y arteria esplÃƒÂ©nica,Vena pulmonar y arteria carÃƒÂ³tida
Ã‚Â¿QuÃƒÂ© nervio aparece tanto en el mediastino dorsal como en el ventral caudal?,Nervio frÃƒÂ©nico,Nervio trigÃƒÂ©mino,Nervio facial,Nervio ÃƒÂ³ptico
Ã‚Â¿QuÃƒÂ© estructura digestiva se encuentra en el mediastino dorsal caudal?,EsÃƒÂ³fago,EstÃƒÂ³mago,Intestino delgado,Colon transverso
Ã‚Â¿QuÃƒÂ© vena aparece en el mediastino dorsal caudal derecho?,Vena ÃƒÂ¡cigos,Vena cava craneal,Vena subclavia,Vena porta
Ã‚Â¿QuÃƒÂ© arteria estÃƒÂ¡ presente en ambos lados del mediastino dorsal caudal?,Aorta torÃƒÂ¡cica,Aorta abdominal,Arteria renal,Arteria yugular
Ã‚Â¿QuÃƒÂ© conducto linfÃƒÂ¡tico estÃƒÂ¡ presente en el mediastino dorsal caudal derecho?,Ducto torÃƒÂ¡cico,Ducto salival mayor,Ducto linfÃƒÂ¡tico cervical,Ducto tiroideo
Ã‚Â¿QuÃƒÂ© estructura nerviosa forma parte del mediastino dorsal caudal derecho?,Cadena ganglionar simpÃƒÂ¡tica,Nervio auditivo,Plexo braquial,Nervio lingual
Ã‚Â¿QuÃƒÂ© estructura pulmonar estÃƒÂ¡ en el mediastino dorsal caudal izquierdo?,Venas pulmonares,Bronquios segmentarios,TrÃƒÂ¡quea cervical,Pleura parietal
Ã‚Â¿QuÃƒÂ© nervio aparece en el mediastino ventral caudal junto con el frÃƒÂ©nico?,Nervio vago,Nervio esplÃƒÂ¡cnico,Nervio radial,Nervio vestibular
Ã‚Â¿CuÃƒÂ¡l es una aplicaciÃƒÂ³n clÃƒÂ­nica importante del estudio del mediastino?,UbicaciÃƒÂ³n de ÃƒÂ³rganos torÃƒÂ¡cicos para diagnÃƒÂ³stico,EvaluaciÃƒÂ³n de reflejos miotÃƒÂ¡ticos,ExploraciÃƒÂ³n abdominal,CirugÃƒÂ­a ocular
Ã‚Â¿Desde dÃƒÂ³nde se extiende el abdomen en general?,Desde el diafragma hasta las alas del ilion,Desde el esÃƒÂ³fago hasta el cÃƒÂ³ccix,Desde el esternÃƒÂ³n hasta las patas,Desde la trÃƒÂ¡quea hasta las costillas
Ã‚Â¿QuÃƒÂ© lÃƒÂ­mite craneal tiene la regiÃƒÂ³n del abdomen craneal (hipocondrio)?,InserciÃƒÂ³n diafragmÃƒÂ¡tica,CartÃƒÂ­lago xifoideo,Punto medio del esternÃƒÂ³n,LÃƒÂ­nea alba
Ã‚Â¿QuÃƒÂ© plano limita caudalmente al abdomen craneal (hipocondrio)?,Plano que pasa por el borde mÃƒÂ¡s caudal de la ÃƒÂºltima costilla,Plano que cruza el ombligo,LÃƒÂ­nea intercostal media,Plano que pasa por el cartÃƒÂ­lago nasal
Ã‚Â¿QuÃƒÂ© estructura limita ventralmente al hipocondrio?,Borde lateral del M. recto abdominal,CartÃƒÂ­lago nasal,LÃƒÂ­nea alba,Costillas flotantes
Ã‚Â¿QuÃƒÂ© aplicaciÃƒÂ³n clÃƒÂ­nica se asocia al hipocondrio?,PalpaciÃƒÂ³n hepÃƒÂ¡tica,Reflejo pupilar,EvaluaciÃƒÂ³n mandibular,AuscultaciÃƒÂ³n auricular
Ã‚Â¿QuÃƒÂ© procedimiento se puede hacer en el hipocondrio?,Biopsia o punciÃƒÂ³n,Electroencefalograma,Reflejo rotuliano,AnÃƒÂ¡lisis ÃƒÂ³tico
Ã‚Â¿QuÃƒÂ© estructura marca el lÃƒÂ­mite craneal de la regiÃƒÂ³n xifoidea?,CartÃƒÂ­lago xifoides,CartÃƒÂ­lago costal,EsternÃƒÂ³n medio,VÃƒÂ©rtebra lumbar
Ã‚Â¿CuÃƒÂ¡l es el lÃƒÂ­mite dorsal de la regiÃƒÂ³n xifoidea?,Borde lateral del M. recto abdominal,Costillas caudales,Vena cava,LÃƒÂ­nea interescapular
Ã‚Â¿QuÃƒÂ© plano se comparte entre la regiÃƒÂ³n hipocondrio y la regiÃƒÂ³n xifoidea?,C. y SC. + Fascia superficial + M. oblicuo externo,CÃƒÂ¡psula renal + hilio,Pleura costal + fascia torÃƒÂ¡cica,M. cuadrado lumbar + esternÃƒÂ³n
Ã‚Â¿QuÃƒÂ© procedimientos se indican en la regiÃƒÂ³n xifoidea?,"Los mismos del hipocondrio: biopsia, palpaciÃƒÂ³n hepÃƒÂ¡tica, etc.",AnÃƒÂ¡lisis endoscÃƒÂ³pico nasal,Reflejos auriculares,IrrigaciÃƒÂ³n pulmonar
Ã‚Â¿QuÃƒÂ© otro nombre recibe la regiÃƒÂ³n del abdomen medio lateral?,RegiÃƒÂ³n del flanco o del ijar,RegiÃƒÂ³n costal caudal,RegiÃƒÂ³n renal,RegiÃƒÂ³n lumbar dorsal
Ã‚Â¿QuÃƒÂ© plano anatÃƒÂ³mico NO forma parte del flanco?,CÃƒÂ¡psula renal externa,C y S.C.,M. oblicuo abdominal externo,Peritoneo parietal
Ã‚Â¿QuÃƒÂ© arteria irriga la regiÃƒÂ³n del ijar?,A. circunfleja ilÃƒÂ­aca profunda,A. vertebral caudal,A. celÃƒÂ­aca,A. facial
Ã‚Â¿QuÃƒÂ© procedimiento se realiza con frecuencia en la regiÃƒÂ³n del ijar?,Abdominocentesis,AuscultaciÃƒÂ³n nasal,OtoscopÃƒÂ­a,VenopunciÃƒÂ³n yugular
Ã‚Â¿QuÃƒÂ© estructura es una referencia en la regiÃƒÂ³n umbilical?,Cicatriz umbilical,TrocÃƒÂ¡nter mayor,VÃƒÂ©rtebra T7,CartÃƒÂ­lago nasal
Ã‚Â¿CÃƒÂ³mo se diferencia el ijar del umbilical?,El umbilical es mÃƒÂ¡s central y su punto de uniÃƒÂ³n es la cicatriz umbilical,El umbilical estÃƒÂ¡ dorsal al ijar,El umbilical se encuentra en la cadera,Ambos son sinÃƒÂ³nimos
Ã‚Â¿QuÃƒÂ© mÃƒÂºsculo forma parte de la regiÃƒÂ³n umbilical?,M. transverso del abdomen,M. temporal,M. orbicular de los ojos,M. cricotiroideo
Ã‚Â¿QuÃƒÂ© tipo de plano se menciona en ambas regiones (ijar y umbilical)?,Aponeurosis,CÃƒÂ¡psula sinovial,CartÃƒÂ­lago elÃƒÂ¡stico,Espacio pleural
Ã‚Â¿QuÃƒÂ© aplicaciÃƒÂ³n clÃƒÂ­nica se asocia con la regiÃƒÂ³n umbilical?,PalpaciÃƒÂ³n abdominal y laparotomÃƒÂ­a,ResecciÃƒÂ³n nasal,Estudio neurolÃƒÂ³gico,Reflejo corneal
Ã‚Â¿QuÃƒÂ© plano se encuentra mÃƒÂ¡s superficial en ambas regiones?,C y S.C.,Fascia transversa,Peritoneo visceral,M. iliohipogÃƒÂ¡strico
Ã‚Â¿QuÃƒÂ© plano craneal delimita la regiÃƒÂ³n inguinal?,Plano que pasa por la tuberosidad coxal,Plano que pasa por el cartÃƒÂ­lago xifoides,Plano que pasa por la cresta ilÃƒÂ­aca,Plano que pasa por la sÃƒÂ­nfisis pÃƒÂºbica
Ã‚Â¿CuÃƒÂ¡l es el lÃƒÂ­mite caudal de la regiÃƒÂ³n inguinal?,LÃƒÂ­nea terminal,LÃƒÂ­nea intercostal,LÃƒÂ­nea transversa dorsal,LÃƒÂ­nea alba
Ã‚Â¿QuÃƒÂ© mÃƒÂºsculo delimita ventralmente la regiÃƒÂ³n inguinal?,Borde lateral del M. recto del abdomen,M. esternohioideo,M. transverso superficial,M. braquiocefÃƒÂ¡lico
Ã‚Â¿QuÃƒÂ© estructura se encuentra en la regiÃƒÂ³n inguinal que puede palparse?,Pulso,TrÃƒÂ¡quea,CartÃƒÂ­lago nasal,Ganglio mandibular
Ã‚Â¿QuÃƒÂ© patologÃƒÂ­a se puede corregir quirÃƒÂºrgicamente en esta regiÃƒÂ³n?,Hernias inguinales,Fractura costal,Desgarro de ligamento cruzado,Neoplasia nasal
Ã‚Â¿QuÃƒÂ© procedimiento reproductivo se realiza en la regiÃƒÂ³n inguinal?,CastraciÃƒÂ³n,EpididimectomÃƒÂ­a,OvariohisterectomÃƒÂ­a,Parto inducido
Ã‚Â¿QuÃƒÂ© vena irriga la regiÃƒÂ³n inguinal?,V. femoral,V. subclavia,V. porta,V. yugular
Ã‚Â¿QuÃƒÂ© plano profundo se encuentra en la regiÃƒÂ³n inguinal?,Peritoneo parietal,CÃƒÂ¡psula renal,Pleura visceral,Aponeurosis temporal
Ã‚Â¿QuÃƒÂ© procedimiento ginecolÃƒÂ³gico se realiza en esta regiÃƒÂ³n?,CesÃƒÂ¡rea,Biopsia mamaria,CitologÃƒÂ­a vaginal,AmputaciÃƒÂ³n uterina
Ã‚Â¿QuÃƒÂ© nervio inerva esta regiÃƒÂ³n segÃƒÂºn la imagen?,N. iliohipogÃƒÂ¡strico,N. femorocutÃƒÂ¡neo,N. perineal profundo,N. vago
Ã‚Â¿QuÃƒÂ© plano craneal delimita la regiÃƒÂ³n pÃƒÂºbica?,Plano que pasa por la tuberosidad coxal,Plano que pasa por la cresta ilÃƒÂ­aca,Plano que pasa por la sÃƒÂ­nfisis mandibular,Plano que pasa por el cartÃƒÂ­lago nasal
Ã‚Â¿QuÃƒÂ© lÃƒÂ­nea marca el lÃƒÂ­mite caudal de la regiÃƒÂ³n pÃƒÂºbica?,LÃƒÂ­nea terminal,LÃƒÂ­nea intercostal,LÃƒÂ­nea alba,LÃƒÂ­nea transversa nasal
Ã‚Â¿QuÃƒÂ© mÃƒÂºsculo forma parte del lÃƒÂ­mite lateral de la regiÃƒÂ³n pÃƒÂºbica?,Borde lateral del M. recto abdominal,M. temporal,M. digÃƒÂ¡strico,M. esternohioideo
Ã‚Â¿QuÃƒÂ© plano profundo estÃƒÂ¡ presente en la regiÃƒÂ³n pÃƒÂºbica?,Peritoneo parietal,Pleura visceral,Duramadre,Fascia bucal
Ã‚Â¿QuÃƒÂ© glÃƒÂ¡ndula se menciona en la regiÃƒÂ³n pÃƒÂºbica?,GlÃƒÂ¡ndula mamaria,GlÃƒÂ¡ndula suprarrenal,GlÃƒÂ¡ndula sublingual,GlÃƒÂ¡ndula pineal
Ã‚Â¿QuÃƒÂ© mÃƒÂºsculo se encuentra en el plano profundo de la regiÃƒÂ³n pÃƒÂºbica?,M. transverso abdominal,M. orbicular de los ojos,M. cricotiroideo,M. braquiocefÃƒÂ¡lico
Ã‚Â¿QuÃƒÂ© arteria se menciona en el plano profundo de la regiÃƒÂ³n pÃƒÂºbica?,A. epigÃƒÂ¡strica caudal,A. pulmonar derecha,A. ilÃƒÂ­aca interna,A. mesentÃƒÂ©rica craneal
Ã‚Â¿CuÃƒÂ¡l de los siguientes ÃƒÂ³rganos NO se encuentra en el abdomen?,Pulmones,HÃƒÂ­gado,RiÃƒÂ±ones,Intestino delgado
Ã‚Â¿QuÃƒÂ© ÃƒÂ³rgano endocrino se localiza en el abdomen?,GlÃƒÂ¡ndulas adrenales,HipotÃƒÂ¡lamo,Timo,Tiroides
Ã‚Â¿QuÃƒÂ© sistema representa el pÃƒÂ¡ncreas dentro del abdomen?,Digestivo y endocrino,Respiratorio y muscular,Urinario y linfÃƒÂ¡tico,Reproductor y ÃƒÂ³seo
Ã‚Â¿CuÃƒÂ¡l es el lÃƒÂ­mite caudal de la pelvis?,Lo ÃƒÂºltimo del hueso sacro,Tuberosidad del radio,CartÃƒÂ­lago costal,Borde del hÃƒÂºmero
Ã‚Â¿QuÃƒÂ© estructura se encuentra en la regiÃƒÂ³n escrotal?,TestÃƒÂ­culos,Vejiga,Uretra,GlÃƒÂ¡ndula prostÃƒÂ¡tica
Ã‚Â¿QuÃƒÂ© procedimiento clÃƒÂ­nico se realiza en la regiÃƒÂ³n escrotal en gatos?,Castraciones,EpisiotomÃƒÂ­a,EsofagotomÃƒÂ­a,AuscultaciÃƒÂ³n abdominal
Ã‚Â¿En quÃƒÂ© animales es comÃƒÂºn realizar biopsias escrotales?,En perros que no engordan,En vacas adultas,En gatos neonatos,En caballos viejos
Ã‚Â¿QuÃƒÂ© estructura cubre al pene en la regiÃƒÂ³n prepucial?,TÃƒÂºnica cutÃƒÂ¡nea,Aponeurosis torÃƒÂ¡cica,CÃƒÂ¡psula renal,Mucosa lingual
Ã‚Â¿QuÃƒÂ© secreta el divertÃƒÂ­culo prepucial?,Esmegma,Cerumen,Moco intestinal,SebÃƒÂ¡ceo
Ã‚Â¿QuÃƒÂ© es la parafimosis?,CondiciÃƒÂ³n donde el pene no puede volver a retraerse,Ausencia de testÃƒÂ­culos,ObstrucciÃƒÂ³n de la uretra,InversiÃƒÂ³n prepucial
Ã‚Â¿QuÃƒÂ© procedimiento ayuda a prevenir infecciones en la regiÃƒÂ³n prepucial?,Lavados prepuciales,LaringotomÃƒÂ­as,CastraciÃƒÂ³n bilateral,EsofagotomÃƒÂ­a
Ã‚Â¿CuÃƒÂ¡l es el contenido clÃƒÂ­nico importante de la regiÃƒÂ³n sacra?,AplicaciÃƒÂ³n de epidural,Biopsia hepÃƒÂ¡tica,EndoscopÃƒÂ­a nasal,VenopunciÃƒÂ³n yugular
Ã‚Â¿QuÃƒÂ© estructuras contiene la cauda equina en la regiÃƒÂ³n sacra?,Muchos nervios en la membrana pÃƒÂ©lvica,Solo nervios craneales,GlÃƒÂ¡ndulas endocrinas,Cilios respiratorios
Ã‚Â¿QuÃƒÂ© plano anatÃƒÂ³mico profundo se encuentra en la regiÃƒÂ³n sacra?,Peritoneo parietal,Pleura parietal,CÃƒÂ¡psula del cristalino,Mucosa gÃƒÂ¡strica
Ã‚Â¿QuÃƒÂ© indica la advertencia en los apuntes sobre el sacro?,NO DEJEN DE REVISAR SACRO,Eviten tocar el sacro,Solo en hembras se revisa,No tiene importancia clÃƒÂ­nica
Ã‚Â¿QuÃƒÂ© estructura limita la pelvis cranealmente?,LÃƒÂ­nea terminal,LÃƒÂ­nea media abdominal,LÃƒÂ­nea iliofemoral,LÃƒÂ­nea alba
Ã‚Â¿CuÃƒÂ¡l de estas regiones NO tiene lÃƒÂ­mites exactos?,RegiÃƒÂ³n escrotal,RegiÃƒÂ³n sacra,RegiÃƒÂ³n prepucial,RegiÃƒÂ³n pÃƒÂºbica
Ã‚Â¿QuÃƒÂ© ÃƒÂ³rgano estÃƒÂ¡ ausente en la regiÃƒÂ³n prepucial?,TestÃƒÂ­culos,GlÃƒÂ¡ndulas prepuciales,DivertÃƒÂ­culo prepucial,Esmegma
Ã‚Â¿QuÃƒÂ© funciÃƒÂ³n tienen las glÃƒÂ¡ndulas prepuciales?,Producen secreciones para lubricaciÃƒÂ³n,Forman la uretra,Controlan la presiÃƒÂ³n arterial,Activan el sistema linfÃƒÂ¡tico
Ã‚Â¿QuÃƒÂ© nervios deben evitarse en lesiones de regiÃƒÂ³n sacra?,Nervios de la cauda equina,Nervios craneales,Nervios ÃƒÂ³pticos,Nervios intercostales
Ã‚Â¿CuÃƒÂ¡l es un uso clÃƒÂ­nico comÃƒÂºn de la regiÃƒÂ³n sacra en medicina veterinaria?,Anestesia epidural,AuscultaciÃƒÂ³n pulmonar,PalpaciÃƒÂ³n del estÃƒÂ³mago,Reflejo pupilar
Ã‚Â¿QuÃƒÂ© se evalÃƒÂºa en la regiÃƒÂ³n sacra en casos neurolÃƒÂ³gicos?,Lesiones de cauda equina,Ruidos intestinales,FunciÃƒÂ³n pancreÃƒÂ¡tica,Capacidad olfatoria
Ã‚Â¿QuÃƒÂ© se debe hacer si el pene no puede volver a retraerse?,Corregir la parafimosis,Realizar laparotomÃƒÂ­a,Aplicar esmegma,Deshidratar el prepucio
Ã‚Â¿QuÃƒÂ© estructura anatÃƒÂ³mica puede dificultar la correcciÃƒÂ³n de la parafimosis?,Apertura del prepucio muy cerrada,InflamaciÃƒÂ³n testicular,ObstrucciÃƒÂ³n vesical,Cierre de uretra
Ã‚Â¿QuÃƒÂ© se debe considerar en machos con secreciÃƒÂ³n prepucial excesiva?,Limpieza con lavados,LobectomÃƒÂ­a,ResecciÃƒÂ³n lingual,ExtirpaciÃƒÂ³n nasal
Ã‚Â¿QuÃƒÂ© indica la glÃƒÂ¡ndula mamaria en machos en la regiÃƒÂ³n pÃƒÂºbica?,Es parte del plano anatÃƒÂ³mico,Indica feminizaciÃƒÂ³n,Debe extirparse,No se considera estructura anatÃƒÂ³mica
Ã‚Â¿QuÃƒÂ© intervenciÃƒÂ³n puede realizarse bajo el peritoneo en la pelvis?,CirugÃƒÂ­as abdominales caudales,Reflejo corneal,AmputaciÃƒÂ³n de cola,Drenaje bronquial
Ã‚Â¿QuÃƒÂ© mÃƒÂºsculo estÃƒÂ¡ implicado en la regiÃƒÂ³n prepucial segÃƒÂºn los planos?,M. oblicuo abdominal externo,M. masetero,M. orbicular del ojo,M. digÃƒÂ¡strico
Ã‚Â¿QuÃƒÂ© estructura anatÃƒÂ³mica marca el lÃƒÂ­mite proximal de la regiÃƒÂ³n escapular?,Borde dorsal de la escÃƒÂ¡pula,Borde caudal del hÃƒÂºmero,ArticulaciÃƒÂ³n del carpo,Tuberosidad del radio
Ã‚Â¿CuÃƒÂ¡l es el lÃƒÂ­mite distal de la regiÃƒÂ³n escapular?,ArticulaciÃƒÂ³n escÃƒÂ¡pulo-humeral,Codo,ArticulaciÃƒÂ³n carpo-metacarpo,Cabeza del hÃƒÂºmero
Ã‚Â¿QuÃƒÂ© arteria irriga directamente la regiÃƒÂ³n escapular?,Arteria circunfleja humeral caudal,Arteria mesentÃƒÂ©rica craneal,Arteria sublingual,Arteria vertebral
Ã‚Â¿QuÃƒÂ© arteria nace de la circunfleja humeral caudal?,Arteria circunfleja humeral craneal,Arteria torÃƒÂ¡cica externa,Arteria facial,Arteria temporal superficial
Ã‚Â¿QuÃƒÂ© plexo nervioso inerva la regiÃƒÂ³n escapular?,Plexo braquial,Plexo sacro,Plexo cervical,Plexo intercostal
Ã‚Â¿QuÃƒÂ© mÃƒÂºsculo aparece como plano anatÃƒÂ³mico en esta regiÃƒÂ³n?,M. subescapular,M. cricotiroideo,M. orbicular del ojo,M. oblicuo abdominal interno
Ã‚Â¿QuÃƒÂ© procedimiento se realiza en gatos gracias a los sarcomas?,AplicaciÃƒÂ³n de vacunas subcutÃƒÂ¡neas en la regiÃƒÂ³n escapular,DesparasitaciÃƒÂ³n intravenosa,Biopsia de la lengua,Drenaje nasal
Ã‚Â¿QuÃƒÂ© mÃƒÂºsculo profundo se encuentra en esta regiÃƒÂ³n?,M. infraespinoso,M. braquiocefÃƒÂ¡lico,M. cuadrado lumbar,M. extensor radial del carpo
Ã‚Â¿QuÃƒÂ© mÃƒÂºsculo de la regiÃƒÂ³n escapular es extensor del hombro?,M. supraespinoso,M. masetero,M. transverso del abdomen,M. intercostal externo
Ã‚Â¿QuÃƒÂ© mÃƒÂºsculo contribuye al movimiento de aducciÃƒÂ³n del brazo?,M. subescapular,M. sartorio,M. geniogloso,M. temporal
Ã‚Â¿QuÃƒÂ© arteria pasa cerca de la articulaciÃƒÂ³n escÃƒÂ¡pulo-humeral?,A. subescapular,A. pulmonar,A. carÃƒÂ³tida externa,A. renal
Ã‚Â¿QuÃƒÂ© ganglio linfÃƒÂ¡tico se palpa en esta regiÃƒÂ³n?,LinfÃƒÂ³nodo prescapular,LinfÃƒÂ³nodo mandibular,LinfÃƒÂ³nodo poplÃƒÂ­teo,LinfÃƒÂ³nodo inguinal
Ã‚Â¿QuÃƒÂ© procedimiento diagnÃƒÂ³stico se menciona como ÃƒÂºtil en esta regiÃƒÂ³n?,Rayos X,EcografÃƒÂ­a vaginal,ColonoscopÃƒÂ­a,Electrocardiograma
Ã‚Â¿QuÃƒÂ© borde delimita esta regiÃƒÂ³n caudalmente?,Borde caudal de la escÃƒÂ¡pula,Borde caudal del esternÃƒÂ³n,Borde caudal del cÃƒÂºbito,Borde caudal del ÃƒÂ­leon
Ã‚Â¿QuÃƒÂ© arteria se ramifica como arteria torÃƒÂ¡cica externa?,Arteria axilar,Arteria pulmonar,Arteria renal,Arteria ilÃƒÂ­aca interna
Ã‚Â¿QuÃƒÂ© mÃƒÂºsculo forma parte del plano superficial?,M. trapecio cervical,M. transverso torÃƒÂ¡cico,M. esternohioideo,M. oblicuo mayor del abdomen
Ã‚Â¿QuÃƒÂ© nervio del plexo braquial inerva el M. supraespinoso?,N. supraescapular,N. mediano,N. obturador,N. peroneo comÃƒÂºn
Ã‚Â¿QuÃƒÂ© acciÃƒÂ³n produce el M. infraespinoso?,AbducciÃƒÂ³n del hombro,FlexiÃƒÂ³n del carpo,RotaciÃƒÂ³n interna del fÃƒÂ©mur,ExtensiÃƒÂ³n de la falange distal
Ã‚Â¿QuÃƒÂ© plano profundo envuelve al plexo braquial?,Fascia axilar,Peritoneo parietal,Pleura mediastÃƒÂ­nica,Fascia caudal
Ã‚Â¿QuÃƒÂ© otro mÃƒÂºsculo se encuentra junto al subescapular?,M. redondo mayor,M. digÃƒÂ¡strico,M. buccinador,M. recto femoral
Ã‚Â¿CuÃƒÂ¡l es el lÃƒÂ­mite proximal de la regiÃƒÂ³n escÃƒÂ¡pulo-humeral?,Cavidad glenoidea de la escÃƒÂ¡pula,Cabeza del fÃƒÂ©mur,Tuberosidad del radio,Cresta del ÃƒÂ­leon
Ã‚Â¿CuÃƒÂ¡l es el lÃƒÂ­mite distal de la regiÃƒÂ³n escÃƒÂ¡pulo-humeral?,Cabeza del hÃƒÂºmero,Troclea del cÃƒÂºbito,Cabeza del radio,Falange distal
Ã‚Â¿QuÃƒÂ© aplicaciÃƒÂ³n clÃƒÂ­nica se menciona para la regiÃƒÂ³n escÃƒÂ¡pulo-humeral?,Punto de amputaciÃƒÂ³n del MT,Biopsia de lengua,VacunaciÃƒÂ³n subcutÃƒÂ¡nea,AuscultaciÃƒÂ³n pulmonar
Ã‚Â¿CuÃƒÂ¡l es el lÃƒÂ­mite distal de la regiÃƒÂ³n del hÃƒÂºmero?,ArticulaciÃƒÂ³n hÃƒÂºmero-radio-ulnar,ArticulaciÃƒÂ³n carpiana,ArticulaciÃƒÂ³n coxofemoral,ArticulaciÃƒÂ³n atlantooccipital
Ã‚Â¿QuÃƒÂ© mÃƒÂºsculos se encuentran en el plano anatÃƒÂ³mico de la regiÃƒÂ³n humeral?,"Deltoides, trÃƒÂ­ceps, bÃƒÂ­ceps, braquial","GlÃƒÂºteo, sartorio, pectÃƒÂ­neo","Masetero, milohioideo, digÃƒÂ¡strico","Oblicuo externo, transverso, cuadrado lumbar"
Ã‚Â¿QuÃƒÂ© arteria irriga directamente el hÃƒÂºmero?,Arteria circunfleja humeral caudal,Arteria facial,Arteria pulmonar,Arteria renal
Ã‚Â¿De quÃƒÂ© arteria nace la circunfleja humeral craneal?,De la circunfleja humeral caudal,De la aorta abdominal,De la mesentÃƒÂ©rica craneal,De la carÃƒÂ³tida externa
Ã‚Â¿QuÃƒÂ© arteria se desprende de la arteria axilar?,Arteria torÃƒÂ¡cica externa,Arteria radial profunda,Arteria coronaria izquierda,Arteria gÃƒÂ¡strica derecha
Ã‚Â¿QuÃƒÂ© nervio inerva el M. trÃƒÂ­ceps?,Nervio radial,Nervio facial,Nervio iliohipogÃƒÂ¡strico,Nervio obturador
Ã‚Â¿QuÃƒÂ© nervio se encuentra entre los mÃƒÂºsculos braquial y bÃƒÂ­ceps?,Nervio musculocutÃƒÂ¡neo,Nervio auriculotemporal,Nervio peroneo superficial,Nervio infraorbitario
Ã‚Â¿QuÃƒÂ© tÃƒÂ©cnica diagnÃƒÂ³stica se menciona para ambas regiones?,Rayos X,LaparoscopÃƒÂ­a,RinoscopÃƒÂ­a,TomografÃƒÂ­a renal
Ã‚Â¿QuÃƒÂ© procedimiento terapÃƒÂ©utico se menciona en ambas regiones?,Fisioterapia,Quimioterapia,Anestesia epidural,AuscultaciÃƒÂ³n rectal
Ã‚Â¿QuÃƒÂ© nervio da una rama hacia la cara distal del M. musculocutÃƒÂ¡neo?,N. musculocutÃƒÂ¡neo,N. vago,N. accesorio,N. troclear
Ã‚Â¿QuÃƒÂ© tipo de vendajes se aplican en caso de fractura del hÃƒÂºmero?,Vendajes de inmovilizaciÃƒÂ³n del MT,Vendajes torÃƒÂ¡cicos,Vendajes de la lengua,Vendajes craneales
Ã‚Â¿QuÃƒÂ© tipo de cirugÃƒÂ­a se menciona en regiÃƒÂ³n del hÃƒÂºmero?,CirugÃƒÂ­as ortopÃƒÂ©dicas,LobectomÃƒÂ­as,CistectomÃƒÂ­as,ProstatectomÃƒÂ­as
Ã‚Â¿QuÃƒÂ© nervio acompaÃƒÂ±a a la arteria circunfleja humeral caudal?,N. radial,N. perineal,N. pÃƒÂ©lvico,N. hipogloso
Ã‚Â¿QuÃƒÂ© nervio se considera importante para la extensiÃƒÂ³n del codo?,N. radial,N. mediano,N. ulnar,N. femoral
Ã‚Â¿QuÃƒÂ© arteria no pertenece a esta regiÃƒÂ³n?,Arteria ilÃƒÂ­aca externa,Arteria subescapular,Arteria circunfleja humeral caudal,Arteria torÃƒÂ¡cica externa
Ã‚Â¿QuÃƒÂ© mÃƒÂºsculo no forma parte del plano anatÃƒÂ³mico del hÃƒÂºmero?,M. aductor largo,M. trÃƒÂ­ceps braquial,M. deltoides,M. ancÃƒÂ³neo
Ã‚Â¿QuÃƒÂ© nervio acompaÃƒÂ±a a la arteria subescapular?,N. toracodorsal,N. ÃƒÂ³ptico,N. lingual,N. perineal caudal
Ã‚Â¿CuÃƒÂ¡l es el lÃƒÂ­mite proximal de la regiÃƒÂ³n hÃƒÂºmero-radio-ulnar?,CÃƒÂ³ndilos del hÃƒÂºmero,Tuberosidad del radio,Cavidad glenoidea,ArticulaciÃƒÂ³n carpo-metacarpo
Ã‚Â¿QuÃƒÂ© estructura marca el lÃƒÂ­mite distal de la regiÃƒÂ³n hÃƒÂºmero-radio-ulnar?,Cabeza del radio e incisura troclear de la ulna,EpÃƒÂ­fisis distal del fÃƒÂ©mur,Cresta ilÃƒÂ­aca,EscÃƒÂ¡pula caudal
Ã‚Â¿QuÃƒÂ© examen clÃƒÂ­nico se menciona en esta regiÃƒÂ³n?,Rayos X,ColonoscopÃƒÂ­a,RinoscopÃƒÂ­a,EndoscopÃƒÂ­a bronquial
Ã‚Â¿QuÃƒÂ© procedimiento se menciona junto con cirugÃƒÂ­as en la regiÃƒÂ³n articular hÃƒÂºmero-radio-ulna?,AmputaciÃƒÂ³n del MT,LaringotomÃƒÂ­a,EsplenectomÃƒÂ­a,CastraciÃƒÂ³n bilateral
Ã‚Â¿QuÃƒÂ© mÃƒÂºsculos forman parte del plano anatÃƒÂ³mico del radio y ulna?,"Pronadores, flexores y extensores del carpo y dedos","CuÃƒÂ¡driceps, pectÃƒÂ­neo y sartorio","Masetero, digÃƒÂ¡strico y milohioideo",Oblicuo externo y transverso abdominal
Ã‚Â¿CuÃƒÂ¡l es el lÃƒÂ­mite distal de la regiÃƒÂ³n del radio y la ulna?,"EpÃƒÂ­fisis distal del radio y ulna, procesos estiloides lat. y med.",Cabeza del hÃƒÂºmero,Falanges proximales,Cabeza del fÃƒÂ©mur
Ã‚Â¿QuÃƒÂ© arteria irriga directamente la regiÃƒÂ³n del radio?,Arteria mediana,Arteria iliaca externa,Arteria femoral profunda,Arteria lingual
Ã‚Â¿QuÃƒÂ© arteria da origen a la arteria radial craneal?,Arteria mediana,Arteria axilar,Arteria pulmonar,Arteria mesentÃƒÂ©rica
Ã‚Â¿QuÃƒÂ© nervio principal inerva la regiÃƒÂ³n del radio y ulna?,Nervio radial,Nervio facial,Nervio hipogloso,Nervio vago
Ã‚Â¿QuÃƒÂ© funciÃƒÂ³n tiene la rama superficial del nervio radial?,InervaciÃƒÂ³n sensitiva,MovilizaciÃƒÂ³n ocular,Control pupilar,ContracciÃƒÂ³n del diafragma
Ã‚Â¿QuÃƒÂ© aplicaciÃƒÂ³n clÃƒÂ­nica se menciona en venas del antebrazo?,Toma de muestra en vena cefÃƒÂ¡lica,Aspirado pleural,Biopsia hepÃƒÂ¡tica,CateterizaciÃƒÂ³n uretral
Ã‚Â¿QuÃƒÂ© procedimiento terapÃƒÂ©utico se menciona junto con vendajes?,InmovilizaciÃƒÂ³n,CompresiÃƒÂ³n abdominal,AspiraciÃƒÂ³n traqueal,Drenaje diafragmÃƒÂ¡tico
Ã‚Â¿QuÃƒÂ© arteria acompaÃƒÂ±a a la vena radial en el antebrazo?,Arteria radial,Arteria pulmonar,Arteria gÃƒÂ¡strica,Arteria esplÃƒÂ©nica
Ã‚Â¿QuÃƒÂ© arteria forma parte del sistema en perros y equinos?,Arteria mediana,Arteria costal dorsal,Arteria renal,Arteria temporal
Ã‚Â¿QuÃƒÂ© funciÃƒÂ³n tiene la rama profunda del nervio radial?,Inerva mÃƒÂºsculos extensores,Control de la micciÃƒÂ³n,ProducciÃƒÂ³n de esmegma,RegulaciÃƒÂ³n de glucosa
Ã‚Â¿QuÃƒÂ© aplicaciÃƒÂ³n clÃƒÂ­nica permite inmovilizar antebrazo tras cirugÃƒÂ­a ortopÃƒÂ©dica?,Vendaje,Anestesia local mandibular,OxigenaciÃƒÂ³n nasal,AmputaciÃƒÂ³n torÃƒÂ¡cica
Ã‚Â¿QuÃƒÂ© arteria se bifurca en arteria radial craneal y caudal?,Arteria mediana,Arteria renal,Arteria braquiocefÃƒÂ¡lica,Arteria carÃƒÂ³tida externa
Ã‚Â¿QuÃƒÂ© arteria NO corresponde a la regiÃƒÂ³n del radio y ulna?,Arteria tibial craneal,Arteria mediana,Arteria radial craneal,Arteria radial caudal
Ã‚Â¿QuÃƒÂ© se indica como sitio de vacunaciÃƒÂ³n subcutÃƒÂ¡nea en gatos?,RegiÃƒÂ³n del radio y ulna,RegiÃƒÂ³n coxal,RegiÃƒÂ³n del sacro,RegiÃƒÂ³n pectoral
Ã‚Â¿QuÃƒÂ© funciÃƒÂ³n cumple el nervio radial en la regiÃƒÂ³n distal del miembro torÃƒÂ¡cico?,ExtensiÃƒÂ³n de carpo y dedos,FlexiÃƒÂ³n de fÃƒÂ©mur,RotaciÃƒÂ³n interna del muslo,SupinaciÃƒÂ³n de mandÃƒÂ­bula
