Pregunta,Correcta,Incorrecta1,Incorrecta2,Incorrecta3,Incorrecta4,Incorrecta5
¿Qué estudia la anatomía topográfica?,Las estructuras del cuerpo en relación con su situación en regiones y cavidades,Las funciones fisiológicas de los órganos,Los procesos bioquímicos celulares,La genética de los tejidos,,
¿Qué describe la holotopía?,La posición de un órgano en el cuerpo,La forma externa del cuerpo,La relación de un órgano con otros órganos,La distribución nerviosa de un órgano,,
¿Qué relación define la esqueletotopía?,La posición de un órgano respecto al esqueleto,La posición de un órgano respecto a mésculos,La posición del esqueleto respecto al cráneo,La forma visible de los huesos,,
¿Qué es la sintopía?,Posición de un órgano respecto a órganos vecinos no pertenecientes al esqueleto,Posición de órganos en cavidades torácicas,Localización de nervios periféricos,Estudio de la irrigación sanguínea,,
¿Qué estudia la idiotopía?,La posición de las diferentes partes de un mismo órgano,La función hormonal de un órgano,La estructura histológica interna,La distribución linfática,,
¿Qué es la anatomía aplicada?,"Rama de la anatomía con proyección clínica (diagnóstico, cirugía, terapéutica)",Anatomía orientada a la zoología,Estudio de tejidos para microscopía,Rama dedicada al desarrollo embriológico,,
¿Qué estudia la anatomía de superficie?,Forma y características del cuerpo visibles o palpables,Relaciones entre vísceras internas,Composición química del tejido muscular,Dinámica articular durante el movimiento,,
¿Qué NO se considera base de la anatomía de superficie?,Estructuras vasculares profundas,Puntos óseos visibles y palpables,Surcos musculares,Bolsas mucosas cutáneas,,
¿Qué estudia la estratigrafía en anatomía?,Las capas del cuerpo desde la superficie a profundidad,El origen embriológico de los órganos,La densidad ósea,Las articulaciones sinoviales,,
¿A través de qué plano se delimita la cabeza del tronco?,Plano transversal,Plano sagital,Plano horizontal,Plano frontal,,
¿En qué dos partes se divide la cabeza?,Cráneo y rostro,Rostro y cuello,Cráneo y mandíbula,Cráneo y tórax,,
¿Cuál es el plano más externo de la cara?,Cutáneo,Subcutáneo,Fascia profunda,Muscular interno,,
¿Cuál es el segundo plano anatómico general de la cara?,Subcutáneo,Cutáneo,Fascia profunda,Muscular estriado,,
¿Cuál es la fascia asociada al mésculo cutáneo de la cara?,Fascia superficial del mésculo cutáneo,Fascia profunda del temporal,Fascia del masetero,Fascia epicraneal,,
¿Cuál es el límite lateral de la región nasal?,Una línea desde el ángulo medial del ojo hasta la comisura dorsolateral del orificio nasal,Una línea desde el ángulo caudal del ojo al oído,Una línea desde la mandíbula a la base del cráneo,Una línea desde la base del cráneo al orificio auditivo externo,,
¿Qué estructura limita caudalmente al dorso de la nariz?,La región frontal,La región mandibular,La región bucal,La región parietal,,
¿Qué región limita posteriormente a la región nasal lateral?,Región infraorbitaria,Región parotídea,Región craneal,Región faríngea,,
¿Cuál de los siguientes planos anatómicos de la nariz es más superficial?,Cutáneo,Mucosa nasal,Armazón cartilaginoso,Musculatura nasal,,
¿Qué función tienen los mésculos nasales?,Regular la abertura del orificio nasal,Cerrar la glotis,Regular el movimiento del paladar,Aumentar el flujo sanguíneo nasal,,
¿Qué estructura interna forma el armazón nasal?,Cartílago hialino,Cartílago elástico,Hueso esponjoso,Ligamento fibroso,,
¿Qué tipo de mucosa se encuentra en la región nasal?,Mucosa nasal y olfatoria,Mucosa gástrica,Mucosa bronquial,Mucosa conjuntival,,
¿Qué procedimiento se usa coménmente para observar la región nasal internamente?,Endoscopía,Radiografía torácica,Tomografía craneal,Ultrasonido hepático,,
¿Qué aplicación clínica permite administrar oxígeno por la nariz?,Uso de puntas nasales o inhaladores,Intubación endotraqueal,Sonda orogástrica,Sonda intravenosa,,
¿Qué intervención quirérgica se realiza en caso de estenosis nasal?,Biopsia o corrección quirérgica,Hemilaminectomía,Artroscopia nasal,Tonsilectomía,,
¿Cuál es un procedimiento clínico comén en la región nasal?,Sondeo nasogástrico,Biopsia hepática,Toracocentesis,Lavado articular,,
¿Qué tipo de plano anatómico nasal permite el paso de fármacos intranasales?,Mucosa nasal,Plano muscular profundo,Cartílago alar,Epitelio bucal,,
¿Qué tipo de muestra puede obtenerse de la región nasal?,Citología,Electroencefalograma,Electromiograma,Endoscopia intestinal,,
¿Qué aparato permite explorar visualmente las fosas nasales?,Endoscopio,Otoscopio,Laringoscopio,Dermatoscopio,,
¿Qué plano nasal es responsable de la percepción del olfato?,Mucosa olfatoria,Cartílago nasal,Epitelio cutáneo,Musculatura externa,,
¿Cuál es un uso clínico de la región nasal en perros?,Aplicación de vacunas intranasales,Extracción de dientes,Cateterismo uretral,Ecografía abdominal,,
¿Qué procedimiento permite ventilar a un perro con dificultad respiratoria usando la nariz?,Oxígeno por puntas nasales,Oxígeno rectal,Nebulización gástrica,Compresión torácica,,
¿Qué función NO cumple la mucosa nasal?,Digestión de proteínas,Filtración del aire,Hidratación del aire inhalado,Percepción de olores,,
¿Qué estructura nasal es étil para insertar una sonda de alimentación?,Fosa nasal,Cornete nasal inferior,Epiglotis,Laringe,,
¿Qué especialidad médica realiza frecuentemente trepanación de fosas nasales?,Cirugía,Neurología,Oftalmología,Cardiología,,
¿Qué región incluye la región de la boca y el mentón?,"Labio superior, labio inferior y mentón","Nariz, mentón y cuello","Mejillas, orejas y mentón","Paladar, lengua y mandíbula",,
¿Qué tipo de epitelio se encuentra en el plano cutáneo de la boca?,Epitelio estratificado plano queratinizado,Epitelio columnar simple,Epitelio cilíndrico pseudoestratificado,Epitelio cébico simple,,
¿Cuál es el mésculo principal en el plano anatómico de los labios?,Mésculo orbicular de los labios,Mésculo masetero,Mésculo buccinador,Mésculo temporal,,
¿Qué tipo de glándulas se encuentran en los labios?,Glándulas labiales con acinis mucosos,Glándulas sudoríparas,Glándulas lagrimales,Glándulas sebáceas,,
¿Qué plano anatómico incluye tejido epitelial de revestimiento no queratinizado?,Ténica mucosa oral,Plano cutáneo,Plano muscular,Plano cartilaginoso,,
¿Qué estructura está relacionada con la sincondrosis mandibular?,Unión entre ambas mitades de la mandíbula,Articulación temporomandibular,Cartílago nasal,Sutura coronal,,
¿Dónde se encuentran las glándulas nasales laterales?,En la región de la boca y el mentón,En la lengua,En las amígdalas,En el oído medio,,
¿Qué estructura permite el paso de nervios en el mentón?,Foramenes mentoneanos,Canales semicirculares,Conductos lagrimales,Cavidades timpánicas,,
¿Qué glándulas se sitéan alrededor de la boca?,Glándulas circummorales,Glándulas paratiroideas,Glándulas sublinguales,Glándulas sudoríparas,,
¿Qué tipo de tejido epitelial reviste la mucosa oral?,Epitelio estratificado plano,Epitelio simple escamoso,Epitelio columnar ciliado,Epitelio cébico estratificado,,
¿Qué estructuras forman el paladar duro?,"Palatino, maxilar e incisivo","Palatino, mandibular y parietal","Incisivo, nasal y frontal","Maxilar, esfenoides y temporal",,
¿Dónde se localiza el paladar duro principalmente?,En los 2/3 rostrales de la cavidad bucal,En toda la cavidad bucal,En el tercio caudal,En el piso de la cavidad oral,,
¿Qué estructuras componen el paladar blando?,Palatino y mésculo membranoso,Mésculo masetero y glándulas salivales,Maxilar y mésculo geniohioideo,Lengua y epiglotis,,
¿Qué parte de la cavidad ocupa el paladar blando?,La éltima tercera parte,La mitad anterior,Toda la cavidad,Los 2/3 anteriores,,
¿Qué estructura es el surco del plano medio del paladar?,Rafé del paladar,Crestas palatinas,Papila incisiva,Rima oris,,
¿Qué función tienen las crestas palatinas?,Ayudan a detener la velocidad del alimento,Absorben nutrientes,Detectan feromonas,Lubrican el bolo alimenticio,,
¿Qué detecta la papila incisiva?,Feromonas,Sabor salado,Temperatura,Presión,,
¿Qué enfermedad puede evaluarse desde la cavidad bucal?,Periodontitis,Dermatitis,Miopatía,Conjuntivitis,,
¿Qué técnica se puede realizar para evaluar neoplasias orales?,Biopsia,Endoscopia intestinal,Radiografía abdominal,Ecocardiograma,,
¿Qué se puede aplicar para detectar infecciones orales?,Isopado,Auscultación,Electrocardiograma,Citología ósea,,
¿Qué método se usa para el cultivo bacteriano en cavidad oral?,Toma de muestra,Lavado gástrico,Extracción dental,Toracocentesis,,
¿Qué puede medirse en el labio superior segén la imagen?,Glucosa,Colesterol,Cortisol,Hemoglobina,,
¿Qué tipo de aplicación se puede usar en mucosas orales?,Aplicación de medicamentos,Inyección intramuscular,Infusión venosa,Nebulización nasal,,
¿Qué estructura forma el límite anterior del paladar duro?,Hueso incisivo,Hueso nasal,Lengua,Epiglotis,,
¿Qué se encuentra en el tercio posterior de la cavidad oral?,Paladar blando,Glándula parótida,Papilas gustativas,Paladar duro,,
¿Qué examen se puede hacer para determinar edad dental?,Examen de cavidad oral,Electromiograma,Tomografía cerebral,Ecografía abdominal,,
¿Qué parte del paladar ayuda en el procesamiento mecánico del alimento?,Crestas palatinas,Papilas fungiformes,íšvula,Lengua,,
¿Qué estructura oral permite detectar seí±ales químicas externas?,Papila incisiva,Mucosa labial,Cresta dental,Papila lingual,,
¿Qué mésculo forma parte del paladar blando?,Mésculo membranoso del paladar,Mésculo temporal,Mésculo buccinador,Mésculo geniohioideo,,
¿Cuál NO es una aplicación clínica directa del examen oral?,Evaluación cardiaca,Profilaxis dental,Detección de infecciones,Cultivo bacteriano,,
¿Qué área comprende la región masetérica?,írea del mésculo masetero,írea del mésculo temporal,írea del mésculo digástrico,írea del mésculo milohioideo,,
¿Cuál es el límite dorsal de la región masetérica?,Arco cigomático,Mandíbula,Paladar blando,Hueso nasal,,
¿Qué estructura marca el límite rostral de la región masetérica?,Borde rostral del mésculo masetero,Borde caudal del mésculo masetero,Mandíbula,Región sublingual,,
¿Qué zona marca el límite caudal de la región masetérica?,Zona de transición entre cabeza y cuello,Región nasal,Base del cráneo,Lengua y paladar,,
¿Qué estructura forma el límite ventral de la región masetérica?,Borde ventral de la mandíbula,Base del paladar,Borde dorsal de la lengua,Hueso temporal,,
¿Cuál es el plano más superficial de la región masetérica?,Cutáneo,Muscular profundo,Arterial,Cartilaginoso,,
¿Qué mésculo se encuentra superficial al masetero?,Mésculo cutáneo superficial,Mésculo buccinador,Mésculo orbicular de los labios,Mésculo temporal,,
¿Qué estructuras acompaí±an al ducto parotídeo en esta región?,Arteria y vena facial,Arteria lingual y vena yugular,Nervio trigémino y arteria nasal,Vena sublingual y arteria carotídea,,
¿Qué glándula se relaciona con el ducto parotídeo?,Glándula parótida,Glándula mandibular,Glándula sublingual,Glándula lagrimal,,
¿Qué huesos están implicados en la región masetérica?,"Mandíbula, maxilar y hueso cigomático","Esfenoides, nasal y lagrimal","Temporal, parietal y frontal","Hioides, occipital y nasal",,
¿Qué aplicación clínica está asociada con parálisis facial en esta región?,Fisioterapia y rehabilitación,Radioterapia directa,Electroshock,Cirugía ocular,,
¿Qué procedimiento se puede aplicar por afección del ducto parotídeo?,Transposición del conducto,Cauterización nasal,Incisión del paladar,Ligadura del mésculo masetero,,
¿Qué condición puede afectar al ducto parotídeo?,Piedras de esa,Abscesos renales,Ulceraciones de lengua,Obstrucción traqueal,,
¿Qué procedimiento permite observar parásitos en la región masetérica?,Inspección visual,Auscultación torácica,Endoscopia nasal,Ecografía abdominal,,
¿Qué función tiene el mésculo masetero?,Cierre de la mandíbula,Elevación de la lengua,Rotación del cuello,Apertura de las narinas,,
¿Qué arteria irriga parte de la región masetérica?,Arteria facial,Arteria renal,Arteria lingual,Arteria bronquial,,
¿Qué nervio puede estar relacionado con la parálisis facial en esta región?,Nervio facial,Nervio óptico,Nervio vago,Nervio olfatorio,,
¿Qué plano incluye el mésculo masetero directamente?,Plano muscular profundo,Plano mucoso,Plano cutáneo,Plano linfático,,
¿Qué procedimiento ayuda a restaurar movilidad en la parálisis facial?,Rehabilitación,Implante dental,Extracción del masetero,Inyección articular,,
¿Qué hueso forma el arco cigomático?,Hueso cigomático,Hueso nasal,Hueso hioides,Hueso frontal,,
¿Qué contiene la región orbitaria?,El globo ocular,La cavidad nasal,El oído medio,Las amígdalas,,
¿Cuál es el límite dorsal de la región orbitaria?,Margen supraorbitario,Margen infraorbitario,Margen nasal,Margen palatino,,
¿Qué estructura define el límite ventral de la región orbitaria?,Margen infraorbitario,Margen cigomático,Margen nasal,Margen bucal,,
¿Qué estructura limita anteriormente (cranial) la región orbitaria?,Borde rostral de la órbita,Arco cigomático,Borde caudal de la órbita,Ligamento infraorbitario,,
"¿Qué forma parte del límite caudal de la órbita en perros, gatos y cerdos?",Ligamento orbitario y proceso cigomático del frontal,Epitelio ocular y lágrima basal,Tejido subcutáneo y mésculo ciliar,Papila óptica y glándula parótida,,
¿Qué examen puede incluir el reflejo pupilar?,Examen general del ojo,Examen de oído medio,Examen dental,Palpación abdominal,,
¿Qué afecciones están relacionadas con mal posición del párpado?,Entropión y ectropión,Glaucoma y cataratas,Queratitis y miopía,Hipermetropía y estrabismo,,
¿Qué se valora en la mucosa ocular durante el examen oftálmico?,Su integridad,Su movilidad,Su capacidad olfativa,Su secreción hormonal,,
¿Qué prueba se usa para detección rápida de distemper?,Prueba de antígeno-anticuerpo,Prueba de glucosa,Prueba de reflejo corneal,Prueba de visión nocturna,,
¿Qué aplicación clínica puede realizarse en caso de conjuntivitis?,Administración de medicamentos oftálmicos,Inyección subcutánea,Nebulización oral,Aplicación de ungí¼ento nasal,,
¿Qué puede producirse en casos de alteraciones lagrimales?,Falta o exceso de lágrimas,Pérdida de visión nocturna,Incremento de papilas gustativas,Disminución del parpadeo auditivo,,
¿Qué estructura se puede biopsiar en esta región?,Globo ocular,Lengua,Cartílago auricular,Glándula salival,,
¿Qué tipo de anestesia se utiliza para cirugías de globo ocular?,Anestesia del globo oftálmico,Anestesia epidural,Anestesia mandibular,Anestesia lumbar,,
¿Qué tipo de tratamientos pueden realizarse en la región orbitaria?,Tratamientos y cirugías oftálmicas,Tratamientos dentales,Cirugías de tiroides,Masajes torácicos,,
¿Qué examen incluye la valoración de producción de lágrimas?,Examen general del ojo,Examen faríngeo,Examen hepático,Examen muscular,,
¿Dónde se encuentra situada la articulación temporomandibular?,Caudoventralmente al límite posterior de la región cigomática,Cranial al hueso nasal,Rostral al arco cigomático,Dorsal a la región mandibular,,
¿Qué región se encuentra dorsal a la articulación temporomandibular?,Región auricular,Región nasal,Región orbitaria,Región lingual,,
¿Qué estructura se encuentra ventral a la articulación temporomandibular?,Región masetérica,Región parotídea,Región nasal,Región orbitaria,,
¿Qué forma la articulación temporomandibular?,Cóndilos de la mandíbula con la superficie articular del temporal,Cóndilos de la mandíbula con el hueso nasal,Rama mandibular con la fosa pterigoidea,Cuerpo mandibular con el maxilar,,
¿Qué tipo de cápsula tiene la articulación temporomandibular?,Membranosa y fibrosa,Muscular y adiposa,í“sea y fibrosa,Linfática y serosa,,
¿Qué cavidad se encuentra dentro de esta articulación?,Cavidad articular,Cavidad nasal,Cavidad pleural,Cavidad auditiva,,
¿Qué tipo de ligamentos contiene esta articulación?,Ligamentos extracapsulares,Ligamentos intramusculares,Ligamentos interóseos,Ligamentos alveolares,,
¿Qué líquido lubrica esta articulación?,Líquido sinovial,Líquido cefalorraquídeo,Líquido intersticial,Líquido linfático,,
¿Qué estructuras producen el líquido sinovial?,Vellosidades sinoviales,Papilas gustativas,Glándulas sudoríparas,Crestas palatinas,,
¿Qué recubre la superficie articular en esta articulación?,Cartílago articular,Tejido adiposo,Mésculo estriado,Epitelio plano simple,,
¿Cuál es el límite rostral de la región frontal y parietal?,Bordes supraorbitarios,Línea temporal,Cresta nucal,Base de la oreja,,
¿Qué estructura marca el límite caudal de la región frontal y parietal?,Cresta nucal,Arco cigomático,Base de la oreja,Línea mandibular,,
¿Qué estructura forma el límite ventral de la región frontal y parietal?,Arco cigomático,Mésculo temporal,Mésculo masetero,Cresta nasal,,
¿Qué aplicación clínica se realiza con base en la región frontal y parietal?,Evaluación de tipos de cráneo en perros,Medición de la frecuencia cardíaca,Diagnóstico de sordera,Exploración del conducto nasal,,
¿Cuál de los siguientes no es un tipo de cráneo canino mencionado?,Dolicocárdico,Mesocéfalico,Braquicéfalico,Dolicocéfalico,,
¿Cuál es el límite dorsal de la región temporal?,Línea temporal,Base de la oreja,Arco nasal,Cresta nucal,,
¿Qué forma el límite ventral de la región temporal?,Arco cigomático,Cresta nasal,Línea mandibular,Lóbulo auricular,,
¿Qué forma el límite rostral de la región temporal?,Arco cigomático,Base del cráneo,Hueso nasal,Mésculo platisma,,
¿Qué estructura delimita la región temporal caudalmente?,Base de la oreja,Línea nucal,Región mandibular,Orbita ocular,,
¿Qué plano anatómico incluye la fascia capital superficial?,Región temporal,Región nasal,Región orbitaria,Región mandibular,,
¿Qué mésculo superficial está presente en la región temporal?,Mésculo platisma,Mésculo geniogloso,Mésculo digástrico,Mésculo milohioideo,,
¿Qué mésculos están profundamente asociados a la región temporal?,Mésculos temporales,Mésculos maseteros,Mésculos auriculares,Mésculos cervicales,,
¿Qué estructuras vasculares y nerviosas se mencionan en esta región?,"Arteria, vena y nervio temporal superficial",Arteria lingual y nervio facial,Vena yugular y nervio vago,Arteria occipital y nervio hipogloso,,
¿Cuál es una aplicación clínica de la región temporal?,Exploración ósea y evaluación de fracturas,Evaluación del paladar,Detección de caries,Medición del reflejo nasal,,
¿Qué estructura se examina coménmente en estudios zootécnicos del cráneo?,Región frontal y parietal,Región hioidea,Región mandibular,Región lingual,,
¿Qué estructura forma el límite superior de la región auricular?,Pabellón auricular,Conducto auditivo externo,Lóbulo auricular,Mésculo temporal,,
¿Cuál es el límite inferior de la región auricular?,Base de la oreja,Arco cigomático,Cresta nasal,Rama mandibular,,
¿Qué estructuras vasculonerviosas se asocian con esta región?,"Arteria, vena y nervio auricular",Arteria lingual y nervio facial,Arteria nasal y nervio óptico,Vena yugular y nervio vago,,
¿Cuál es una aplicación clínica comén en la región auricular?,Examen otoscópico,Exploración lingual,Revisión nasal,Palpación mandibular,,
¿Qué patología se asocia a traumatismos en esta región?,Otohematoma,Absceso mandibular,Caries dentales,Cistitis,,
¿Qué condición médica afecta coménmente esta región?,Otitis,Tos de las perreras,Dermatitis interdigital,Gingivitis,,
¿Qué tipo de tratamiento puede requerir la región auricular?,Médico y quirérgico,íšnicamente fisioterapéutico,Solo con antibióticos orales,Solamente nutricional,,
¿Qué instrumento se utiliza para evaluar el conducto auditivo externo?,Otoscopio,Estetoscopio,Endoscopio nasal,Oftalmoscopio,,
¿Qué alteración puede aparecer tras golpes o sacudidas constantes en la oreja?,Otohematoma,Papiloma oral,Hiperplasia gingival,Torsión gástrica,,
¿Qué tipo de cirugía puede realizarse en esta región?,Cirugía auricular,Lobectomía hepática,Cirugía mandibular,Resección nasal,,
¿Qué representa el cuello en la anatomía del animal?,El eslabón que une la cabeza con el tórax,La base del cráneo,La región interescapular,El límite entre abdomen y tórax,,
¿Desde dónde se extiende el cuello?,Desde el atlas y el hueso occipital hasta el surco preescapular,Desde el hémero hasta el esternón,Desde la mandíbula hasta el omóplato,Desde la escápula hasta el sacro,,
¿Qué estructura forma parte del plano de inicio del cuello?,Atlas,Axis,Hémero,Escápula,,
¿Cuál es el punto anatómico de referencia caudal del cuello?,Surco preescapular,Fosa temporal,Cresta nasal,Giba del sacro,,
¿Cuál de las siguientes es una estructura palpable en el cuello?,Tráquea,Esófago,Nódulo linfático sublingual,Conducto auditivo externo,,
¿Cuál es otra estructura palpable además de la tráquea?,Laringe,Glándula pineal,Timo,Vesícula biliar,,
¿Qué porción de C3-C6 se puede palpar lateralmente en el cuello?,Procesos transversos,Procesos espinosos,Láminas dorsales,Crestas condilares,,
¿Qué estructura ósea lateral se puede palpar en la parte craneal del cuello?,Alas del atlas,Costillas cervicales,Tubérculo caudal del axis,Cartílago epiglótico,,
¿Qué forma la gotera de la yugular?,Borde ventral del M. braquiocefálico y borde dorsal del M. esternocefálico,Límite lateral de la tráquea,Inserción del mésculo digástrico,Proceso espinoso de la escápula,,
¿Qué región se encuentra dorsalmente en el cuello?,Región dorsal del cuello,Región esternal,Región temporal,Región bucal,,
¿Qué región incluye la faringe y región parotídea?,Región lateral del cuello,Región mandibular,Región ventral,Región occipital,,
¿Qué región incluye la tráquea y fosa de la yugular?,Región ventral del cuello,Región dorsal,Región craneal,Región facial,,
¿Cuál NO es una estructura anatómica del cuello?,Cresta ilíaca,Tráquea,Atlas,Fosa de la yugular,,
¿Qué elemento anatómico une la cabeza al cuello?,Articulación entre el atlas y el occipital,Línea nucal,Vértebra C7,Ligamento transverso,,
¿Qué estructura muscular delimita la gotera yugular por ventral?,Mésculo braquiocefálico,Mésculo omotransverso,Mésculo pectoral,Mésculo cutáneo del cuello,,
¿Qué elemento puede palparse en la línea media del cuello?,Tráquea,Arteria carótida,Nervio frénico,Vena yugular,,
¿Qué mésculo forma el límite dorsal de la gotera yugular?,Mésculo esternocefálico,Mésculo escalenos,Mésculo platisma,Mésculo trapecio,,
¿Cuál es una región profunda relacionada con la base del cuello?,Región preescapular,Región paranasal,Región hioidea,Región auricular,,
¿Qué vértebras están relacionadas con los procesos transversos palpables?,C3-C6,C1-C2,C7-T1,T3-T6,,
¿Qué función tiene la región del cuello en términos funcionales?,Conectar la cabeza con el tórax,Sostener la base del abdomen,Proteger el sistema linfático craneal,Anclar las extremidades anteriores,,
¿Desde dónde se extiende la región dorsal del cuello?,Desde la cresta nucal del occipital hasta la espalda,Desde la escápula hasta el sacro,Desde la base de la lengua hasta el atlas,Desde el manubrio hasta el hémero,,
¿Qué estructura marca el límite lateral de la región dorsal del cuello?,Línea que une el ala del atlas con el ángulo craneal de la escápula,Línea que une el occipital con el eje nasal,Borde posterior de la mandíbula,Surco yugular,,
¿Qué nombre recibe la región entre el hueso occipital y el atlas?,Región de la nuca,Región cervical profunda,Zona intervertebral occipito-mandibular,Región atlantoaxial,,
¿Qué procedimiento clínico se realiza en la región dorsal del cuello?,Punciones,Biopsias linguales,Auscultación pulmonar,Electrocardiogramas,,
¿Qué líquido se puede obtener en esta región con valor diagnóstico?,Líquido cefalorraquídeo,Líquido pleural,Líquido sinovial,Líquido peritoneal,,
¿A qué nivel se obtiene el líquido cefalorraquídeo en esta región?,A nivel de la articulación atlantooccipital,A nivel de la articulación esternoclavicular,En la base de la oreja,En la región mandibular,,
¿Qué hueso marca el extremo craneal de la región dorsal del cuello?,Occipital,Parietal,Temporal,Mandíbula,,
¿Qué vértebra delimita caudalmente la región de la nuca?,Atlas,Axis,C5,T1,,
¿Qué importancia clínica tiene la región dorsal del cuello?,Permite acceso al sistema nervioso central,Permite drenaje del sistema linfático abdominal,Se utiliza para anestesias epidurales caudales,Aumenta la movilidad torácica,,
¿Qué región conecta el cráneo con la región torácica por vía dorsal?,Región dorsal del cuello,Región mandibular,Región ventral del cuello,Región cervical superficial,,
¿Desde dónde se extiende la región lateral del cuello?,Desde el atlas y hueso occipital hasta el surco de la escápula,Desde la escápula hasta el manubrio esternal,Desde la mandíbula hasta el atlas,Desde la lengua hasta el hémero,,
¿Qué línea lateral limita la región lateral del cuello?,Línea que une el ala del atlas con el ángulo craneal de la escápula,Línea que une el atlas con la apófisis mastoides,Línea media cervical,Borde rostral del omóplato,,
¿Qué regiones pertenecen a la región lateral del cuello?,"Faríngea, parotídea, braquiocefálica y preescapular","Mandibular, dorsal, lingual y temporal","Cervical profunda, hioidea y auricular","Facial, nasal, occipital y hioidea",,
¿Qué región forma la base de la región faríngea?,La faringe,La lengua,La laringe,El esófago,,
¿Cuál es el límite dorsal de la región faríngea en el perro y gato?,Vómer y 2da y 3ra vértebras cervicales,Atlas y base del cráneo,C1 y C2 énicamente,Escápula y base de la lengua,,
¿Cuál es el límite ventral de la región faríngea?,Raíz de la lengua y base de la laringe,Cartílago epiglótico,Tráquea y esternón,Paladar blando,,
¿Qué hueso es parte del límite lateral de la región faríngea?,M. pterigoideo,M. temporal,M. digástrico,H. nasal,,
¿Qué arteria forma parte de los vasos de la región faríngea?,Carótida comén,Basilar,Hepática,Lingual externa,,
¿Qué nervio NO pertenece a los vasos y nervios de la faringe?,Nervio óptico,Trigémino,Glosofaríngeo,Vago,,
¿Qué consecuencia clínica puede tener la hipertrofia de los linfonodos retrofaríngeos?,Dificultades en la deglución y respiración,Pérdida de visión,Inestabilidad pélvica,Fiebre y vómito,,
¿Qué estructura se extiende ventralmente en la región faríngea?,Base de la laringe,Cartílago nasal,Tronco simpático,Cresta nucal,,
¿Qué arteria irriga la región faríngea además de la carótida comén?,Carótida externa,Facial externa,Lingual interna,Basilar caudal,,
¿Qué mésculo o grupo muscular delimita la región faríngea lateralmente?,M. estilohioideo y retrofaríngeos mediales,M. temporal y orbicular,M. occipitales,M. del velo del paladar,,
¿Qué linfonodos están implicados en la región faríngea?,Lnn. retrofaríngeos mediales,Lnn. submandibulares,Lnn. cervicales profundos,Lnn. ilíacos,,
¿Qué función tiene la palpación de los Lnn. retrofaríngeos?,Evaluar hipertrofia por infección,Detectar fracturas,Valorar la frecuencia respiratoria,Examinar secreción ocular,,
¿Cuál es un signo clínico de hipertrofia de linfonodos faríngeos?,Disfagia,Hipoacusia,Ataxia,Epífora,,
¿Qué par craneal está implicado en la inervación de la faringe?,Nervio glosofaríngeo,Nervio vestibulococlear,Nervio accesorio,Nervio olfatorio,,
¿Qué huesos están próximos a la región faríngea en dirección lateral?,Maxilar y estilohioides,Escápula y hémero,Nasal y frontal,Cébito y radio,,
¿Qué estructura NO forma parte directa de la región lateral del cuello?,Lóbulo auricular,Región faríngea,Región preescapular,Región parotídea,,
¿Qué nervio forma parte de la inervación faríngea además del glosofaríngeo?,Nervio vago,Nervio olfatorio,Nervio óptico,Nervio troclear,,
¿Qué tipo de región es la región parotídea?,Región de transición entre la cabeza y el cuello,Región torácica profunda,Región lumbar caudal,Región mandibular interna,,
¿Qué glándula ocupa la región parotídea?,Glándula parótida,Glándula submandibular,Glándula tiroides,Glándula lacrimal,,
¿Cuál es el límite dorsal de la región parotídea?,Región auricular,Región nasal,Región cervical profunda,Región hioidea,,
¿Qué límite marca ventralmente la región parotídea?,Región ventral del cuello,Región mandibular,Región masetérica,Región interescapular,,
¿Qué estructura ósea marca el límite craneal de la región parotídea?,Rama de la mandíbula,Atlas,Base de la lengua,Clavícula,,
¿Cuál es una aplicación clínica importante de la región parotídea?,Extirpación de la glándula parótida,Implantación coclear,Reemplazo mandibular,Cirugía del globo ocular,,
¿Qué condición patológica puede tratarse con incisión en esta región?,Abscesos postauriculares,Quistes sebáceos palpebrales,Linfadenitis sublingual,Sinusitis frontal,,
¿Qué mésculo constituye la base de la región braquiocefálica?,Mésculo braquiocefálico,Mésculo esternocleidomastoideo,Mésculo temporal,Mésculo digástrico,,
¿Cuál es el límite dorsal de la región braquiocefálica?,Línea de la región de la nuca,Línea mandibular inferior,Línea vertebral lumbar,Cresta nasal,,
¿Qué región limita caudalmente a la región braquiocefálica?,La espalda,La región parietal,El hombro,El paladar blando,,
¿Qué procedimiento clínico se realiza coménmente en la región braquiocefálica?,Inyecciones subcutáneas,Intubación esofágica,Cirugía endoscópica nasal,Aspiración gástrica,,
¿Qué región limita cranealmente con la región braquiocefálica?,Región parotídea,Región intermandibular,Región orbitaria,Región nasal,,
¿Dónde se sitéa la región preescapular?,Por delante de la escápula,Sobre el tórax dorsal,Caudal al hombro,Por detrás del cuello,,
¿Cuál es la importancia clínica de la región preescapular?,Exploración de ganglios linfáticos preescapulares,Evaluación del reflejo patelar,Medición del diámetro torácico,Inspección de los sacos anales,,
¿Qué planos anatómicos tiene la región preescapular?,Los mismos que en la región braquiocefálica,Iguales a la región orbitaria,Equivalentes a la región abdominal,Como en la región nasal,,
¿Qué procedimiento puede incluir la región preescapular por su importancia clínica?,Palpación de ganglios linfáticos,Cateterización venosa,Trepanación ósea,Laringoscopía,,
¿Qué estructura puede extirparse desde la región parotídea en caso de patología?,Glándula mandibular,Glándula lagrimal,Glándula sublingual,Glándula pineal,,
¿Qué tipo de inyecciones se suelen aplicar en la región braquiocefálica?,Subcutáneas,Intratecales,Intracardíacas,Intraarticulares,,
¿Qué parte de la anatomía limita ventralmente a la región braquiocefálica?,Surco yugular,Fosa nasal,Cartílago cricoides,Mésculo digástrico,,
¿Qué región se explora al realizar un examen de ganglios preescapulares?,Región preescapular,Región hioidea,Región mandibular,Región parietal,,
¿Desde dónde se extiende la región ventral del cuello?,Desde el atlas y hueso occipital hasta el surco preescapular,Desde la base del cráneo hasta el hémero,Desde el occipital hasta el hombro,Desde el atlas hasta la escápula,,
¿Qué estructuras se incluyen en la región ventral del cuello?,"Región laríngea, traqueal, surco y fosa yugular",Región nasal y región orbitaria,Región bucal y mandibular,Región auricular y parietal,,
¿Dónde se encuentra la región traqueal?,En la línea media ventral de la región ventral del cuello,En la base de la región occipital,Lateral a la escápula,En la línea dorsal entre las vértebras cervicales,,
¿Hasta dónde alcanza la región traqueal caudalmente?,Apertura torácica craneal,Base de la lengua,Surco temporal,Raíz del hémero,,
¿Qué procedimientos clínicos se realizan en la región traqueal?,"Traqueotomía, esofagotomía, cirugía de glándulas tiroides","Amputación de oreja, biopsia renal",Aspiración esplénica,Cirugía periodontal,,
¿Qué mésculo delimita dorsalmente la gotera de la yugular?,Mésculo braquiocefálico,Mésculo temporal,Mésculo digástrico,Mésculo genihioideo,,
¿Qué mésculo delimita ventralmente la gotera yugular?,Mésculo esternocefálico,Mésculo cleidocefálico,Mésculo esternohioideo,Mésculo milohioideo,,
¿Qué vena se encuentra en la gotera de la yugular?,Vena yugular externa,Vena yugular interna,Vena basílica,Vena cava caudal,,
¿Qué procedimiento se realiza coménmente en la gotera yugular?,Venopunción,Incisión cervical,Extracción dental,Endoscopia nasal,,
¿Qué aplicación tiene la venopunción en la gotera yugular?,Obtención de muestras,Toma de presión arterial,Auscultación laríngea,Biopsia muscular,,
¿Qué se debe evitar al inyectar en la yugular externa?,Lesión de las paredes endoteliales,Hipotermia local,Alteración de la tráquea,Obstrucción bronquial,,
¿Cuál es la mejor zona para inyectar en la yugular externa?,Entre el tercio superior y medio,En el tercio inferior solamente,A nivel de la escápula,Justo debajo de la mandíbula,,
¿Qué condición permite visualizar fácilmente la yugular externa?,Compresión de la zona,Hipertermia,Elevación mandibular,Estiramiento lingual,,
¿Qué vía se utiliza en emergencias para aplicar tratamiento en esta región?,Vía intravenosa yugular,Vía intramuscular glétea,Vía intranasal,Vía subcutánea escapular,,
¿Qué estructura se encuentra justo ventral a la tráquea en esta región?,Esófago,Nervio vago,Laringe,Tiroides,,
¿Qué puede visualizarse al realizar una traqueotomía?,Anillos traqueales,Cartílago nasal,Mésculo esternomastoideo,Cavidad timpánica,,
¿Qué procedimiento se realiza para permitir el paso de aire en obstrucciones altas?,Traqueotomía,Laringectomía,Amigdalectomía,Gastrotomía,,
¿Qué mésculo NO delimita la gotera yugular?,Mésculo masetero,Mésculo braquiocefálico,Mésculo esternocefálico,Ninguno de los anteriores,,
¿Qué técnica puede realizarse para aliviar presión esofágica en esta región?,Esofagotomía,Lobectomía pulmonar,Palatoplastia,Rinotomía,,
¿Qué estructuras se deben evitar daí±ar al realizar una venopunción?,Paredes endoteliales de la vena,Cartílago epiglótico,Conducto auditivo,Ganglios linfáticos del ojo,,
¿Cuál es el límite craneal del tórax?,Surco preescapular,Cartílago xifoides,Base del cuello,Cresta ilíaca,,
¿Cuál es el límite caudal del tórax?,Proceso transverso de la éltima vértebra torácica,Fosa iliaca,Línea alba,Cresta sacra,,
¿Qué estructura marca el borde caudal del tórax hacia el cartílago xifoides?,Borde caudal de la éltima costilla,Arco costal rostral,Costillas flotantes,Cartílago cricoides,,
¿Cuál de los siguientes es un punto palpable en el tórax?,Espacios intercostales,Válvula ileocecal,Arco zigomático,Tubérculo laríngeo,,
¿Qué órgano NO se encuentra dentro del tórax?,Estómago,Pulmones,Esófago,Corazón,,
¿Cuál de estos órganos se encuentra en el mediastino?,Nervio vago,Rií±ón,Uretra,Colon ascendente,,
¿Qué estructura vascular se encuentra en el tórax?,Vena cava craneal y caudal,Vena porta,Vena yugular interna,Arteria femoral,,
¿Qué arteria nace del corazón en el tórax?,Arteria aorta ascendente,Arteria carótida,Arteria renal,Arteria tibial,,
¿Qué estructura forma parte del límite caudal de la región esternal?,Cartílago xifoides,Cartílago costal,Apófisis espinosa,Mésculo escaleno,,
¿Cuál es el límite craneal de la región esternal?,Manubrio del esternón,Cartílago laríngeo,Furca esternal,Espina escapular,,
¿Qué mésculo forma parte del límite lateral de la región esternal?,Mésculo pectoral profundo,Mésculo braquiocefálico,Mésculo temporal,Mésculo cricotiroideo,,
¿Qué fascia se encuentra en la región esternal?,Fascia pectoral superficial,Fascia retrofaríngea,Fascia bucal interna,Fascia mesentérica,,
¿Cuál de los siguientes cartílagos es parte de la región esternal?,Cartílago xifoides,Cartílago nasal,Cartílago epiglótico,Cartílago cricoides,,
¿Qué estructura respiratoria se encuentra en el tórax?,Tráquea,Faringe,Vestíbulo nasal,Cavidad oral,,
¿Qué nervio forma parte del contenido torácico?,Nervio vago,Nervio óptico,Nervio olfatorio,Nervio facial,,
¿Qué región contiene al timo en animales jóvenes?,Región esternal,Región parietal,Región dorsal del cuello,Región nasal,,
¿Qué estructura vascular se ubica en la región esternal?,Arteria y vena torácica interna,Vena yugular externa,Arteria renal,Vena porta,,
¿Cuál es un plano anatómico de la región esternal?,"Piel, fascia, mésculo y pleura parietal",Médula espinal y meninges,Corteza renal y papilas,Submucosa nasal y epitelio olfativo,,
¿Qué mésculo se encuentra en la región esternal como parte del plano superficial?,Mésculo pectoral superficial,Mésculo masetero,Mésculo temporal,Mésculo orbicular,,
¿Qué región torácica permite la palpación del manubrio?,Región esternal,Región costal caudal,Región dorsal del tórax,Región escapular,,
¿Cuál es una aplicación clínica de la región costo-lateral?,Toracocentesis,Laringoscopía,Auscultación nasal,Biopsia hepática,,
¿Qué plano anatómico está presente en la región costo-lateral?,Fascia superficial del tronco,Cápsula sinovial,Mucosa gástrica,Pericardio visceral,,
¿Qué mésculo se encuentra en la región costo-lateral?,M. serrato dorsal caudal,M. pterigoideo medial,M. digástrico,M. braquiocefálico,,
¿Qué arterias se ubican en la región costo-lateral?,Arterias intercostales,Arterias renales,Arterias carótidas,Arterias digitales,,
¿Qué procedimiento se puede hacer en la región costo-subescapular?,Inyecciones intratorácicas,Inyecciones intranasales,Biopsias linguales,Incisión en prepucio,,
¿Qué borde marca el límite caudal de la región costo-subescapular?,Borde caudal de la escápula al olécranon,Base de la escápula,Cartílago cricoides,Base del occipital,,
¿Qué procedimiento se realiza en la región costo-subescapular para drenar cavidades?,Toracotomía,Gastrotomía,Esplenectomía,Palatoplastia,,
¿Qué evaluación se hace en la región costo-subescapular?,Auscultación cardíaca y pulmonar,Reflejo pupilar,Presión arterial femoral,Función hepática,,
¿Dónde se encuentra el mediastino?,Entre los dos pulmones,Entre las costillas dorsales,Entre el diafragma y el hígado,Rodeando la tráquea cervical,,
¿Cuál de los siguientes órganos se encuentra en el mediastino?,Corazón,Rií±ón,Hígado,Estómago,,
¿Qué estructura del sistema digestivo cruza el mediastino?,Esófago,Colon transverso,Estómago,Duodeno,,
¿Qué división del mediastino contiene el corazón?,Todas las divisiones lo incluyen,Solo la craneal dorsal,íšnicamente la caudal ventral,Ninguna lo contiene,,
¿Qué nódulos se ubican en el mediastino?,Nódulos mediastínicos,Nódulos mandibulares,Nódulos mesentéricos,Nódulos axilares,,
¿Qué arteria se observa en el mediastino?,Aorta,Arteria renal,Arteria facial,Arteria radial,,
¿Qué parte del pulmón rodea al mediastino?,Ambos pulmones,Solo el lóbulo accesorio,Solo el pulmón izquierdo,Ninguno,,
¿Qué plano anatómico está presente en la región costo-lateral?,Pleura parietal,Duramadre,Mucosa gástrica,Periostio,,
¿Qué región permite evaluación de la condición corporal y toracotomías?,Región costo-lateral,Región auricular,Región escrotal,Región lingual,,
¿Qué técnica de imagen se relaciona con la región costo-lateral?,Radiografía de tórax,RMN de cráneo,Ultrasonido testicular,Endoscopía esofágica,,
¿Qué fascia se encuentra en la región costo-lateral?,Fascia toracolumbar,Fascia bucal,Fascia urogenital,Fascia temporomandibular,,
¿Qué mésculo se observa en la región costo-lateral dorsalmente?,M. gran dorsal,M. milohioideo,M. cricotiroideo,M. pterigoideo,,
¿Qué nervio se encuentra en el mediastino dorsal craneal derecho?,Nervio vago,Nervio frénico,Nervio óptico,Nervio olfatorio,,
¿Qué vena está presente en el mediastino dorsal craneal derecho?,Vena ácigos,Vena yugular,Vena porta,Vena renal,,
¿Qué ganglio está presente en el mediastino dorsal craneal derecho?,Ganglio cervicotorácico,Ganglio submandibular,Ganglio mesentérico,Ganglio retromandibular,,
¿Qué conducto linfático está en el mediastino dorsal izquierdo?,Ducto torácico,Ducto sublingual,Ducto pancreático,Ducto renal,,
¿Qué nervio se encuentra en el mediastino dorsal craneal izquierdo?,Nervio cervical traqueal,Nervio frénico,Nervio auditivo,Nervio abducens,,
¿Qué estructura vascular está presente en el mediastino dorsal de ambos lados?,Arterias y venas vertebrales,Vena cava,Arteria pulmonar,Vena hepática,,
¿Qué arteria se encuentra en el mediastino ventral craneal derecho?,Arteria cervical superficial,Arteria radial profunda,Arteria carótida externa,Arteria vertebral,,
¿Qué vena está en el mediastino ventral craneal izquierdo?,Vena yugular,Vena ácigos,Vena porta,Vena femoral,,
¿Qué nervio se encuentra en el mediastino ventral craneal izquierdo?,Nervio frénico,Nervio olfatorio,Nervio troclear,Nervio óptico,,
¿Qué glándula está presente en el mediastino ventral craneal?,Timo,Tiroides,Suprarrenal,Parótida,,
¿Qué tronco arterial se encuentra en ambos lados del mediastino ventral craneal?,Tronco braquiocefálico,Tronco celíaco,Tronco pulmonar,Tronco basilar,,
¿Qué arterias y venas se encuentran en ambos lados del mediastino ventral craneal?,Torácica externa,Esplénica,Coccígea,Carótida externa,,
¿Qué vena se acompaí±a de su arteria homóloga en el mediastino ventral craneal derecho?,Vena subclavia,Vena yugular interna,Vena cava caudal,Vena renal,,
¿Qué ganglio está presente en ambos lados del mediastino dorsal craneal?,Ganglio estrellado,Ganglio mesentérico,Ganglio simpático lumbar,Ganglio mandibular,,
¿Qué estructuras pertenecen exclusivamente al mediastino dorsal izquierdo?,Ducto torácico y nervio cervical traqueal,Timo y nervio frénico,Arteria subclavia y ganglio cervical,Vena cava y conducto nasal,,
¿Qué vena se encuentra en el mediastino dorsal medio derecho?,Vena cava,Vena yugular,Vena subclavia,Vena renal,,
¿Qué estructuras respiratorias se encuentran en el mediastino dorsal medio derecho?,Venas pulmonares y tráquea,Bronquios y laringe,Pulmones y narinas,Senos frontales y bronquios,,
¿Qué estructura linfática se encuentra en el mediastino dorsal medio derecho?,Ducto torácico,Timo,Ganglio estrellado,Linfáticos linguales,,
¿Qué nervio aparece en ambos lados del mediastino dorsal medio?,Nervio frénico,Nervio hipogloso,Nervio olfatorio,Nervio accesorio,,
¿Qué órgano se encuentra en el mediastino ventral medio?,Corazón,Pulmón izquierdo,Esófago,Estómago,,
¿Qué estructura vascular está en el mediastino ventral medio?,Arteria y vena torácica interna,Vena ácigos,Arteria carótida,Arteria subclavia,,
¿Qué cubre al corazón en el mediastino ventral medio?,Pericardio,Pleura visceral,Cápsula serosa,Fascia parietal,,
¿Qué nervio está presente en el mediastino dorsal medio izquierdo?,Nervio vago,Nervio radial,Nervio trigémino,Nervio facial,,
¿Qué órgano digestivo está presente en el mediastino dorsal medio izquierdo?,Esófago,Estómago,Ciego,Duodeno,,
¿Qué cadena nerviosa aparece en el mediastino dorsal medio izquierdo?,Cadena ganglionar simpática,Plexo cervical,Tronco simpático lumbar,Ganglio mandibular,,
¿Qué vasos se encuentran en el mediastino ventral caudal?,Vena y arteria torácica interna,Vena yugular y arteria femoral,Vena renal y arteria esplénica,Vena pulmonar y arteria carótida,,
¿Qué nervio aparece tanto en el mediastino dorsal como en el ventral caudal?,Nervio frénico,Nervio trigémino,Nervio facial,Nervio óptico,,
¿Qué estructura digestiva se encuentra en el mediastino dorsal caudal?,Esófago,Estómago,Intestino delgado,Colon transverso,,
¿Qué vena aparece en el mediastino dorsal caudal derecho?,Vena ácigos,Vena cava craneal,Vena subclavia,Vena porta,,
¿Qué arteria está presente en ambos lados del mediastino dorsal caudal?,Aorta torácica,Aorta abdominal,Arteria renal,Arteria yugular,,
¿Qué conducto linfático está presente en el mediastino dorsal caudal derecho?,Ducto torácico,Ducto salival mayor,Ducto linfático cervical,Ducto tiroideo,,
¿Qué estructura nerviosa forma parte del mediastino dorsal caudal derecho?,Cadena ganglionar simpática,Nervio auditivo,Plexo braquial,Nervio lingual,,
¿Qué estructura pulmonar está en el mediastino dorsal caudal izquierdo?,Venas pulmonares,Bronquios segmentarios,Tráquea cervical,Pleura parietal,,
¿Qué nervio aparece en el mediastino ventral caudal junto con el frénico?,Nervio vago,Nervio esplácnico,Nervio radial,Nervio vestibular,,
¿Cuál es una aplicación clínica importante del estudio del mediastino?,Ubicación de órganos torácicos para diagnóstico,Evaluación de reflejos miotáticos,Exploración abdominal,Cirugía ocular,,
¿Desde dónde se extiende el abdomen en general?,Desde el diafragma hasta las alas del ilion,Desde el esófago hasta el cóccix,Desde el esternón hasta las patas,Desde la tráquea hasta las costillas,,
¿Qué límite craneal tiene la región del abdomen craneal (hipocondrio)?,Inserción diafragmática,Cartílago xifoideo,Punto medio del esternón,Línea alba,,
¿Qué plano limita caudalmente al abdomen craneal (hipocondrio)?,Plano que pasa por el borde más caudal de la éltima costilla,Plano que cruza el ombligo,Línea intercostal media,Plano que pasa por el cartílago nasal,,
¿Qué estructura limita ventralmente al hipocondrio?,Borde lateral del M. recto abdominal,Cartílago nasal,Línea alba,Costillas flotantes,,
¿Qué aplicación clínica se asocia al hipocondrio?,Palpación hepática,Reflejo pupilar,Evaluación mandibular,Auscultación auricular,,
¿Qué procedimiento se puede hacer en el hipocondrio?,Biopsia o punción,Electroencefalograma,Reflejo rotuliano,Análisis ótico,,
¿Qué estructura marca el límite craneal de la región xifoidea?,Cartílago xifoides,Cartílago costal,Esternón medio,Vértebra lumbar,,
¿Cuál es el límite dorsal de la región xifoidea?,Borde lateral del M. recto abdominal,Costillas caudales,Vena cava,Línea interescapular,,
¿Qué plano se comparte entre la región hipocondrio y la región xifoidea?,C. y SC. + Fascia superficial + M. oblicuo externo,Cápsula renal + hilio,Pleura costal + fascia torácica,M. cuadrado lumbar + esternón,,
¿Qué procedimientos se indican en la región xifoidea?,"Los mismos del hipocondrio: biopsia, palpación hepática, etc.",Análisis endoscópico nasal,Reflejos auriculares,Irrigación pulmonar,,
¿Qué otro nombre recibe la región del abdomen medio lateral?,Región del flanco o del ijar,Región costal caudal,Región renal,Región lumbar dorsal,,
¿Qué plano anatómico NO forma parte del flanco?,Cápsula renal externa,C y S.C.,M. oblicuo abdominal externo,Peritoneo parietal,,
¿Qué arteria irriga la región del ijar?,A. circunfleja ilíaca profunda,A. vertebral caudal,A. celíaca,A. facial,,
¿Qué procedimiento se realiza con frecuencia en la región del ijar?,Abdominocentesis,Auscultación nasal,Otoscopía,Venopunción yugular,,
¿Qué estructura es una referencia en la región umbilical?,Cicatriz umbilical,Trocánter mayor,Vértebra T7,Cartílago nasal,,
¿Cómo se diferencia el ijar del umbilical?,El umbilical es más central y su punto de unión es la cicatriz umbilical,El umbilical está dorsal al ijar,El umbilical se encuentra en la cadera,Ambos son sinónimos,,
¿Qué mésculo forma parte de la región umbilical?,M. transverso del abdomen,M. temporal,M. orbicular de los ojos,M. cricotiroideo,,
¿Qué tipo de plano se menciona en ambas regiones (ijar y umbilical)?,Aponeurosis,Cápsula sinovial,Cartílago elástico,Espacio pleural,,
¿Qué aplicación clínica se asocia con la región umbilical?,Palpación abdominal y laparotomía,Resección nasal,Estudio neurológico,Reflejo corneal,,
¿Qué plano se encuentra más superficial en ambas regiones?,C y S.C.,Fascia transversa,Peritoneo visceral,M. iliohipogástrico,,
¿Qué plano craneal delimita la región inguinal?,Plano que pasa por la tuberosidad coxal,Plano que pasa por el cartílago xifoides,Plano que pasa por la cresta ilíaca,Plano que pasa por la sínfisis pébica,,
¿Cuál es el límite caudal de la región inguinal?,Línea terminal,Línea intercostal,Línea transversa dorsal,Línea alba,,
¿Qué mésculo delimita ventralmente la región inguinal?,Borde lateral del M. recto del abdomen,M. esternohioideo,M. transverso superficial,M. braquiocefálico,,
¿Qué estructura se encuentra en la región inguinal que puede palparse?,Pulso,Tráquea,Cartílago nasal,Ganglio mandibular,,
¿Qué patología se puede corregir quirérgicamente en esta región?,Hernias inguinales,Fractura costal,Desgarro de ligamento cruzado,Neoplasia nasal,,
¿Qué procedimiento reproductivo se realiza en la región inguinal?,Castración,Epididimectomía,Ovariohisterectomía,Parto inducido,,
¿Qué vena irriga la región inguinal?,V. femoral,V. subclavia,V. porta,V. yugular,,
¿Qué plano profundo se encuentra en la región inguinal?,Peritoneo parietal,Cápsula renal,Pleura visceral,Aponeurosis temporal,,
¿Qué procedimiento ginecológico se realiza en esta región?,Cesárea,Biopsia mamaria,Citología vaginal,Amputación uterina,,
¿Qué nervio inerva esta región segén la imagen?,N. iliohipogástrico,N. femorocutáneo,N. perineal profundo,N. vago,,
¿Qué plano craneal delimita la región pébica?,Plano que pasa por la tuberosidad coxal,Plano que pasa por la cresta ilíaca,Plano que pasa por la sínfisis mandibular,Plano que pasa por el cartílago nasal,,
¿Qué línea marca el límite caudal de la región pébica?,Línea terminal,Línea intercostal,Línea alba,Línea transversa nasal,,
¿Qué mésculo forma parte del límite lateral de la región pébica?,Borde lateral del M. recto abdominal,M. temporal,M. digástrico,M. esternohioideo,,
¿Qué plano profundo está presente en la región pébica?,Peritoneo parietal,Pleura visceral,Duramadre,Fascia bucal,,
¿Qué glándula se menciona en la región pébica?,Glándula mamaria,Glándula suprarrenal,Glándula sublingual,Glándula pineal,,
¿Qué mésculo se encuentra en el plano profundo de la región pébica?,M. transverso abdominal,M. orbicular de los ojos,M. cricotiroideo,M. braquiocefálico,,
¿Qué arteria se menciona en el plano profundo de la región pébica?,A. epigástrica caudal,A. pulmonar derecha,A. ilíaca interna,A. mesentérica craneal,,
¿Cuál de los siguientes órganos NO se encuentra en el abdomen?,Pulmones,Hígado,Rií±ones,Intestino delgado,,
¿Qué órgano endocrino se localiza en el abdomen?,Glándulas adrenales,Hipotálamo,Timo,Tiroides,,
¿Qué sistema representa el páncreas dentro del abdomen?,Digestivo y endocrino,Respiratorio y muscular,Urinario y linfático,Reproductor y óseo,,
¿Cuál es el límite caudal de la pelvis?,Lo éltimo del hueso sacro,Tuberosidad del radio,Cartílago costal,Borde del hémero,,
¿Qué estructura se encuentra en la región escrotal?,Testículos,Vejiga,Uretra,Glándula prostática,,
¿Qué procedimiento clínico se realiza en la región escrotal en gatos?,Castraciones,Episiotomía,Esofagotomía,Auscultación abdominal,,
¿En qué animales es comén realizar biopsias escrotales?,En perros que no engordan,En vacas adultas,En gatos neonatos,En caballos viejos,,
¿Qué estructura cubre al pene en la región prepucial?,Ténica cutánea,Aponeurosis torácica,Cápsula renal,Mucosa lingual,,
¿Qué secreta el divertículo prepucial?,Esmegma,Cerumen,Moco intestinal,Sebáceo,,
¿Qué es la parafimosis?,Condición donde el pene no puede volver a retraerse,Ausencia de testículos,Obstrucción de la uretra,Inversión prepucial,,
¿Qué procedimiento ayuda a prevenir infecciones en la región prepucial?,Lavados prepuciales,Laringotomías,Castración bilateral,Esofagotomía,,
¿Cuál es el contenido clínico importante de la región sacra?,Aplicación de epidural,Biopsia hepática,Endoscopía nasal,Venopunción yugular,,
¿Qué estructuras contiene la cauda equina en la región sacra?,Muchos nervios en la membrana pélvica,Solo nervios craneales,Glándulas endocrinas,Cilios respiratorios,,
¿Qué plano anatómico profundo se encuentra en la región sacra?,Peritoneo parietal,Pleura parietal,Cápsula del cristalino,Mucosa gástrica,,
¿Qué indica la advertencia en los apuntes sobre el sacro?,NO DEJEN DE REVISAR SACRO,Eviten tocar el sacro,Solo en hembras se revisa,No tiene importancia clínica,,
¿Qué estructura limita la pelvis cranealmente?,Línea terminal,Línea media abdominal,Línea iliofemoral,Línea alba,,
¿Cuál de estas regiones NO tiene límites exactos?,Región escrotal,Región sacra,Región prepucial,Región pébica,,
¿Qué órgano está ausente en la región prepucial?,Testículos,Glándulas prepuciales,Divertículo prepucial,Esmegma,,
¿Qué función tienen las glándulas prepuciales?,Producen secreciones para lubricación,Forman la uretra,Controlan la presión arterial,Activan el sistema linfático,,
¿Qué nervios deben evitarse en lesiones de región sacra?,Nervios de la cauda equina,Nervios craneales,Nervios ópticos,Nervios intercostales,,
¿Cuál es un uso clínico comén de la región sacra en medicina veterinaria?,Anestesia epidural,Auscultación pulmonar,Palpación del estómago,Reflejo pupilar,,
¿Qué se evaléa en la región sacra en casos neurológicos?,Lesiones de cauda equina,Ruidos intestinales,Función pancreática,Capacidad olfatoria,,
¿Qué se debe hacer si el pene no puede volver a retraerse?,Corregir la parafimosis,Realizar laparotomía,Aplicar esmegma,Deshidratar el prepucio,,
¿Qué estructura anatómica puede dificultar la corrección de la parafimosis?,Apertura del prepucio muy cerrada,Inflamación testicular,Obstrucción vesical,Cierre de uretra,,
¿Qué se debe considerar en machos con secreción prepucial excesiva?,Limpieza con lavados,Lobectomía,Resección lingual,Extirpación nasal,,
¿Qué indica la glándula mamaria en machos en la región pébica?,Es parte del plano anatómico,Indica feminización,Debe extirparse,No se considera estructura anatómica,,
¿Qué intervención puede realizarse bajo el peritoneo en la pelvis?,Cirugías abdominales caudales,Reflejo corneal,Amputación de cola,Drenaje bronquial,,
¿Qué mésculo está implicado en la región prepucial segén los planos?,M. oblicuo abdominal externo,M. masetero,M. orbicular del ojo,M. digástrico,,
¿Qué estructura anatómica marca el límite proximal de la región escapular?,Borde dorsal de la escápula,Borde caudal del hémero,Articulación del carpo,Tuberosidad del radio,,
¿Cuál es el límite distal de la región escapular?,Articulación escápulo-humeral,Codo,Articulación carpo-metacarpo,Cabeza del hémero,,
¿Qué arteria irriga directamente la región escapular?,Arteria circunfleja humeral caudal,Arteria mesentérica craneal,Arteria sublingual,Arteria vertebral,,
¿Qué arteria nace de la circunfleja humeral caudal?,Arteria circunfleja humeral craneal,Arteria torácica externa,Arteria facial,Arteria temporal superficial,,
¿Qué plexo nervioso inerva la región escapular?,Plexo braquial,Plexo sacro,Plexo cervical,Plexo intercostal,,
¿Qué mésculo aparece como plano anatómico en esta región?,M. subescapular,M. cricotiroideo,M. orbicular del ojo,M. oblicuo abdominal interno,,
¿Qué procedimiento se realiza en gatos gracias a los sarcomas?,Aplicación de vacunas subcutáneas en la región escapular,Desparasitación intravenosa,Biopsia de la lengua,Drenaje nasal,,
¿Qué mésculo profundo se encuentra en esta región?,M. infraespinoso,M. braquiocefálico,M. cuadrado lumbar,M. extensor radial del carpo,,
¿Qué mésculo de la región escapular es extensor del hombro?,M. supraespinoso,M. masetero,M. transverso del abdomen,M. intercostal externo,,
¿Qué mésculo contribuye al movimiento de aducción del brazo?,M. subescapular,M. sartorio,M. geniogloso,M. temporal,,
¿Qué arteria pasa cerca de la articulación escápulo-humeral?,A. subescapular,A. pulmonar,A. carótida externa,A. renal,,
¿Qué ganglio linfático se palpa en esta región?,Linfónodo prescapular,Linfónodo mandibular,Linfónodo poplíteo,Linfónodo inguinal,,
¿Qué procedimiento diagnóstico se menciona como étil en esta región?,Rayos X,Ecografía vaginal,Colonoscopía,Electrocardiograma,,
¿Qué borde delimita esta región caudalmente?,Borde caudal de la escápula,Borde caudal del esternón,Borde caudal del cébito,Borde caudal del íleon,,
¿Qué arteria se ramifica como arteria torácica externa?,Arteria axilar,Arteria pulmonar,Arteria renal,Arteria ilíaca interna,,
¿Qué mésculo forma parte del plano superficial?,M. trapecio cervical,M. transverso torácico,M. esternohioideo,M. oblicuo mayor del abdomen,,
¿Qué nervio del plexo braquial inerva el M. supraespinoso?,N. supraescapular,N. mediano,N. obturador,N. peroneo comén,,
¿Qué acción produce el M. infraespinoso?,Abducción del hombro,Flexión del carpo,Rotación interna del fémur,Extensión de la falange distal,,
¿Qué plano profundo envuelve al plexo braquial?,Fascia axilar,Peritoneo parietal,Pleura mediastínica,Fascia caudal,,
¿Qué otro mésculo se encuentra junto al subescapular?,M. redondo mayor,M. digástrico,M. buccinador,M. recto femoral,,
¿Cuál es el límite proximal de la región escápulo-humeral?,Cavidad glenoidea de la escápula,Cabeza del fémur,Tuberosidad del radio,Cresta del íleon,,
¿Cuál es el límite distal de la región escápulo-humeral?,Cabeza del hémero,Troclea del cébito,Cabeza del radio,Falange distal,,
¿Qué aplicación clínica se menciona para la región escápulo-humeral?,Punto de amputación del MT,Biopsia de lengua,Vacunación subcutánea,Auscultación pulmonar,,
¿Cuál es el límite distal de la región del hémero?,Articulación hémero-radio-ulnar,Articulación carpiana,Articulación coxofemoral,Articulación atlantooccipital,,
¿Qué mésculos se encuentran en el plano anatómico de la región humeral?,"Deltoides, tríceps, bíceps, braquial","Gléteo, sartorio, pectíneo","Masetero, milohioideo, digástrico","Oblicuo externo, transverso, cuadrado lumbar",,
¿Qué arteria irriga directamente el hémero?,Arteria circunfleja humeral caudal,Arteria facial,Arteria pulmonar,Arteria renal,,
¿De qué arteria nace la circunfleja humeral craneal?,De la circunfleja humeral caudal,De la aorta abdominal,De la mesentérica craneal,De la carótida externa,,
¿Qué arteria se desprende de la arteria axilar?,Arteria torácica externa,Arteria radial profunda,Arteria coronaria izquierda,Arteria gástrica derecha,,
¿Qué nervio inerva el M. tríceps?,Nervio radial,Nervio facial,Nervio iliohipogástrico,Nervio obturador,,
¿Qué nervio se encuentra entre los mésculos braquial y bíceps?,Nervio musculocutáneo,Nervio auriculotemporal,Nervio peroneo superficial,Nervio infraorbitario,,
¿Qué técnica diagnóstica se menciona para ambas regiones?,Rayos X,Laparoscopía,Rinoscopía,Tomografía renal,,
¿Qué procedimiento terapéutico se menciona en ambas regiones?,Fisioterapia,Quimioterapia,Anestesia epidural,Auscultación rectal,,
¿Qué nervio da una rama hacia la cara distal del M. musculocutáneo?,N. musculocutáneo,N. vago,N. accesorio,N. troclear,,
¿Qué tipo de vendajes se aplican en caso de fractura del hémero?,Vendajes de inmovilización del MT,Vendajes torácicos,Vendajes de la lengua,Vendajes craneales,,
¿Qué tipo de cirugía se menciona en región del hémero?,Cirugías ortopédicas,Lobectomías,Cistectomías,Prostatectomías,,
¿Qué nervio acompaí±a a la arteria circunfleja humeral caudal?,N. radial,N. perineal,N. pélvico,N. hipogloso,,
¿Qué nervio se considera importante para la extensión del codo?,N. radial,N. mediano,N. ulnar,N. femoral,,
¿Qué arteria no pertenece a esta región?,Arteria ilíaca externa,Arteria subescapular,Arteria circunfleja humeral caudal,Arteria torácica externa,,
¿Qué mésculo no forma parte del plano anatómico del hémero?,M. aductor largo,M. tríceps braquial,M. deltoides,M. ancóneo,,
¿Qué nervio acompaí±a a la arteria subescapular?,N. toracodorsal,N. óptico,N. lingual,N. perineal caudal,,
¿Cuál es el límite proximal de la región hémero-radio-ulnar?,Cóndilos del hémero,Tuberosidad del radio,Cavidad glenoidea,Articulación carpo-metacarpo,,
¿Qué estructura marca el límite distal de la región hémero-radio-ulnar?,Cabeza del radio e incisura troclear de la ulna,Epífisis distal del fémur,Cresta ilíaca,Escápula caudal,,
¿Qué examen clínico se menciona en esta región?,Rayos X,Colonoscopía,Rinoscopía,Endoscopía bronquial,,
¿Qué procedimiento se menciona junto con cirugías en la región articular hémero-radio-ulna?,Amputación del MT,Laringotomía,Esplenectomía,Castración bilateral,,
¿Qué mésculos forman parte del plano anatómico del radio y ulna?,"Pronadores, flexores y extensores del carpo y dedos","Cuádriceps, pectíneo y sartorio","Masetero, digástrico y milohioideo",Oblicuo externo y transverso abdominal,,
¿Cuál es el límite distal de la región del radio y la ulna?,"Epífisis distal del radio y ulna, procesos estiloides lat. y med.",Cabeza del hémero,Falanges proximales,Cabeza del fémur,,
¿Qué arteria irriga directamente la región del radio?,Arteria mediana,Arteria iliaca externa,Arteria femoral profunda,Arteria lingual,,
¿Qué arteria da origen a la arteria radial craneal?,Arteria mediana,Arteria axilar,Arteria pulmonar,Arteria mesentérica,,
¿Qué nervio principal inerva la región del radio y ulna?,Nervio radial,Nervio facial,Nervio hipogloso,Nervio vago,,
¿Qué función tiene la rama superficial del nervio radial?,Inervación sensitiva,Movilización ocular,Control pupilar,Contracción del diafragma,,
¿Qué aplicación clínica se menciona en venas del antebrazo?,Toma de muestra en vena cefálica,Aspirado pleural,Biopsia hepática,Cateterización uretral,,
¿Qué procedimiento terapéutico se menciona junto con vendajes?,Inmovilización,Compresión abdominal,Aspiración traqueal,Drenaje diafragmático,,
¿Qué arteria acompaí±a a la vena radial en el antebrazo?,Arteria radial,Arteria pulmonar,Arteria gástrica,Arteria esplénica,,
¿Qué arteria forma parte del sistema en perros y equinos?,Arteria mediana,Arteria costal dorsal,Arteria renal,Arteria temporal,,
¿Qué función tiene la rama profunda del nervio radial?,Inerva mésculos extensores,Control de la micción,Producción de esmegma,Regulación de glucosa,,
¿Qué aplicación clínica permite inmovilizar antebrazo tras cirugía ortopédica?,Vendaje,Anestesia local mandibular,Oxigenación nasal,Amputación torácica,,
¿Qué arteria se bifurca en arteria radial craneal y caudal?,Arteria mediana,Arteria renal,Arteria braquiocefálica,Arteria carótida externa,,
¿Qué arteria NO corresponde a la región del radio y ulna?,Arteria tibial craneal,Arteria mediana,Arteria radial craneal,Arteria radial caudal,,
¿Qué se indica como sitio de vacunación subcutánea en gatos?,Región del radio y ulna,Región coxal,Región del sacro,Región pectoral,,
¿Qué función cumple el nervio radial en la región distal del miembro torácico?,Extensión de carpo y dedos,Flexión de fémur,Rotación interna del muslo,Supinación de mandíbula,,
